station_id,district,station_type,date,pm25,no2,wind_speed,humidity
BS03,Dong-gu,roadside,2023-04-21,28.5,26.9,2.9,63.8
BS03,Dong-gu,roadside,2023-11-04,36.0,35.1,1.2,27.0
BS07,Saha-gu,industrial,2023-07-29,18.6,,5.9,82.4
BS02,Seo-gu,industrial,2023-11-10,67.3,72.8,1.4,36.6
BS01,Jung-gu,roadside,2023-07-16,21.5,18.1,1.4,70.0
BS02,Seo-gu,industrial,2023-03-07,120.7,79.3,0.7,47.3
BS04,Yeongdo-gu,background,2023-09-03,10.5,14.1,4.1,55.1
BS08,Geumjeong-gu,background,2023-02-08,38.8,22.7,1.8,27.3
BS05,Busanjin-gu,roadside,2023-10-10,75.4,52.6,0.7,52.2
BS08,Geumjeong-gu,background,2023-04-27,31.9,15.9,1.2,53.7
BS07,Saha-gu,industrial,2023-04-11,31.1,45.8,6.0,53.1
BS02,Seo-gu,industrial,2023-07-22,21.2,32.4,4.5,83.8
BS02,Seo-gu,industrial,2023-01-29,107.6,59.0,2.4,21.7
BS07,Saha-gu,industrial,2023-12-15,35.0,97.3,7.2,36.7
BS05,Busanjin-gu,roadside,2023-11-03,35.7,39.0,1.6,50.5
BS05,Busanjin-gu,roadside,2023-01-28,37.4,50.1,3.9,25.7
BS07,Saha-gu,industrial,2023-08-19,31.7,24.5,1.9,65.2
BS05,Busanjin-gu,roadside,2023-12-14,61.4,32.7,0.4,35.3
BS03,Dong-gu,roadside,2023-08-21,,23.0,0.7,62.7
BS05,Busanjin-gu,roadside,2023-02-22,53.2,48.6,4.6,30.6
BS02,Seo-gu,industrial,2023-10-05,43.5,,0.8,57.9
BS05,Busanjin-gu,roadside,2023-03-15,48.7,39.3,3.8,48.9
BS01,Jung-gu,roadside,2023-06-25,10.7,19.4,5.6,75.5
BS07,Saha-gu,industrial,2023-02-23,28.2,64.3,6.6,47.5
BS08,Geumjeong-gu,background,2023-10-13,36.5,,1.9,53.6
BS07,Saha-gu,industrial,2023-11-22,54.1,56.7,3.9,40.0
BS06,Haeundae-gu,background,2023-03-13,9.0,17.9,6.9,51.7
BS05,Busanjin-gu,roadside,2023-04-07,11.4,40.5,7.8,59.6
BS05,Busanjin-gu,roadside,2023-04-20,40.6,,0.6,52.4
BS08,Geumjeong-gu,background,2023-10-06,23.5,,1.0,61.9
BS04,Yeongdo-gu,background,2023-12-29,44.1,37.7,2.4,32.9
BS08,Geumjeong-gu,background,2023-07-25,10.3,9.5,2.3,90.7
BS08,Geumjeong-gu,background,2023-10-02,,23.6,1.7,69.1
BS08,Geumjeong-gu,background,2023-06-19,12.7,12.9,2.8,73.1
BS08,Geumjeong-gu,background,2023-05-28,15.6,,2.7,60.5
BS04,Yeongdo-gu,background,2023-01-29,43.0,24.6,1.6,37.9
BS02,Seo-gu,industrial,2023-10-13,64.6,,1.6,55.9
BS04,Yeongdo-gu,background,2023-04-04,15.9,19.7,3.8,61.7
BS08,Geumjeong-gu,background,2023-10-17,8.2,23.0,10.2,47.9
BS05,Busanjin-gu,roadside,2023-11-16,40.6,42.0,3.7,34.2
BS05,Busanjin-gu,roadside,2023-04-14,67.5,27.0,0.9,54.6
BS08,Geumjeong-gu,background,2023-01-25,22.3,33.6,4.3,26.8
BS06,Haeundae-gu,background,2023-11-03,28.0,20.6,1.6,47.4
BS07,Saha-gu,industrial,2023-07-06,14.2,34.4,8.1,80.7
BS07,Saha-gu,industrial,2023-10-07,32.7,,5.2,50.3
BS05,Busanjin-gu,roadside,2023-05-07,17.8,33.4,5.2,61.7
BS08,Geumjeong-gu,background,2023-11-15,23.9,41.1,1.9,41.8
BS07,Saha-gu,industrial,2023-10-11,42.2,48.2,0.6,35.1
BS05,Busanjin-gu,roadside,2023-04-05,27.1,28.8,4.4,64.8
BS04,Yeongdo-gu,background,2023-08-15,18.8,11.4,2.5,89.1
BS01,Jung-gu,roadside,2023-10-26,30.4,48.3,4.6,45.3
BS04,Yeongdo-gu,background,2023-05-15,29.0,17.2,1.9,65.8
BS01,Jung-gu,roadside,2023-05-05,41.8,42.1,1.7,69.6
BS05,Busanjin-gu,roadside,2023-10-22,,43.0,1.4,46.4
BS01,Jung-gu,roadside,2023-11-18,50.5,55.2,3.3,32.1
BS05,Busanjin-gu,roadside,2023-02-21,54.8,62.9,1.0,34.7
BS03,Dong-gu,roadside,2023-08-03,,22.6,1.3,81.6
BS02,Seo-gu,industrial,2023-05-27,28.3,32.4,4.2,83.0
BS04,Yeongdo-gu,background,2023-05-25,13.0,19.4,3.6,77.0
BS07,Saha-gu,industrial,2023-10-16,53.4,39.8,2.3,63.6
BS04,Yeongdo-gu,background,2023-11-24,26.0,17.2,2.5,52.4
BS08,Geumjeong-gu,background,2023-03-11,21.2,,2.5,33.2
BS06,Haeundae-gu,background,2023-12-30,24.5,24.0,2.3,37.5
BS06,Haeundae-gu,background,2023-02-23,30.7,21.2,0.5,52.1
BS08,Geumjeong-gu,background,2023-05-03,16.2,22.6,2.0,63.6
BS05,Busanjin-gu,roadside,2023-06-08,29.5,28.6,1.0,79.9
BS03,Dong-gu,roadside,2023-04-19,,36.8,4.6,45.5
BS06,Haeundae-gu,background,2023-10-14,9.7,18.3,5.3,55.3
BS03,Dong-gu,roadside,2023-12-08,,49.5,1.2,46.0
BS06,Haeundae-gu,background,2023-01-15,20.8,36.9,3.4,27.7
BS06,Haeundae-gu,background,2023-04-12,26.0,18.1,0.7,52.8
BS06,Haeundae-gu,background,2023-02-18,21.4,23.9,2.3,44.5
BS02,Seo-gu,industrial,2023-05-22,31.3,35.5,2.9,66.5
BS08,Geumjeong-gu,background,2023-06-21,,10.6,8.3,86.3
BS01,Jung-gu,roadside,2023-06-28,17.7,20.2,3.8,81.2
BS08,Geumjeong-gu,background,2023-03-25,32.8,19.4,0.9,38.4
BS06,Haeundae-gu,background,2023-06-17,13.5,17.7,1.2,93.5
BS03,Dong-gu,roadside,2023-05-30,24.8,16.8,3.6,73.8
BS02,Seo-gu,industrial,2023-01-02,92.1,79.1,0.1,35.9
BS01,Jung-gu,roadside,2023-02-21,43.6,72.1,1.9,32.7
BS03,Dong-gu,roadside,2023-01-07,23.2,46.0,4.0,31.1
BS06,Haeundae-gu,background,2023-10-23,21.4,16.3,2.6,40.4
BS08,Geumjeong-gu,background,2023-09-29,26.6,23.0,1.1,65.0
BS02,Seo-gu,industrial,2023-11-23,84.2,75.9,0.7,44.0
BS04,Yeongdo-gu,background,2023-09-01,15.7,11.4,2.6,69.4
BS01,Jung-gu,roadside,2023-10-24,42.1,34.2,1.0,35.1
BS03,Dong-gu,roadside,2023-02-04,43.8,56.3,4.6,29.2
BS04,Yeongdo-gu,background,2023-06-28,8.8,10.2,3.2,74.4
BS02,Seo-gu,industrial,2023-11-25,35.9,47.8,7.2,20.5
BS01,Jung-gu,roadside,2023-04-13,56.4,46.5,2.5,66.1
BS04,Yeongdo-gu,background,2023-04-24,25.7,16.4,0.3,70.5
BS02,Seo-gu,industrial,2023-08-22,32.5,25.4,0.9,81.0
BS05,Busanjin-gu,roadside,2023-03-25,54.9,35.0,1.0,37.8
BS08,Geumjeong-gu,background,2023-03-21,31.0,,1.6,50.3
BS06,Haeundae-gu,background,2023-06-15,6.6,12.0,5.0,67.4
BS02,Seo-gu,industrial,2023-07-20,34.4,20.2,0.8,82.9
BS07,Saha-gu,industrial,2023-11-04,28.1,53.4,5.3,36.4
BS06,Haeundae-gu,background,2023-08-06,11.5,8.4,2.7,78.0
BS06,Haeundae-gu,background,2023-08-07,4.4,12.3,6.5,78.7
BS06,Haeundae-gu,background,2023-06-02,22.3,9.8,2.2,76.2
BS04,Yeongdo-gu,background,2023-12-23,40.1,23.7,2.0,29.5
BS01,Jung-gu,roadside,2023-03-09,94.9,60.0,0.4,36.6
BS08,Geumjeong-gu,background,2023-01-12,37.9,28.0,1.5,20.0
BS08,Geumjeong-gu,background,2023-02-21,13.7,22.5,8.4,34.5
BS01,Jung-gu,roadside,2023-09-04,23.6,32.3,1.0,69.2
BS07,Saha-gu,industrial,2023-11-03,32.6,60.7,6.4,33.6
BS07,Saha-gu,industrial,2023-09-19,29.0,36.9,2.0,57.5
BS07,Saha-gu,industrial,2023-02-16,80.8,70.3,0.6,29.6
BS05,Busanjin-gu,roadside,2023-05-31,31.7,20.2,2.1,65.3
BS04,Yeongdo-gu,background,2023-09-22,14.6,15.5,4.2,69.1
BS05,Busanjin-gu,roadside,2023-09-24,15.7,42.8,5.7,55.8
BS06,Haeundae-gu,background,2023-02-05,24.9,20.4,4.9,31.7
BS04,Yeongdo-gu,background,2023-05-21,20.4,16.6,1.3,72.2
BS08,Geumjeong-gu,background,2023-06-28,11.6,12.1,2.1,79.7
BS02,Seo-gu,industrial,2023-10-07,25.0,54.2,5.3,47.8
BS08,Geumjeong-gu,background,2023-08-26,7.3,17.1,7.5,83.4
BS04,Yeongdo-gu,background,2023-10-01,11.7,17.6,4.1,
BS01,Jung-gu,roadside,2023-11-19,55.9,60.7,2.3,38.9
BS03,Dong-gu,roadside,2023-11-24,26.8,34.7,3.2,39.9
BS02,Seo-gu,industrial,2023-11-17,28.4,69.4,5.2,41.3
BS01,Jung-gu,roadside,2023-07-23,,15.3,4.3,82.7
BS05,Busanjin-gu,roadside,2023-07-11,12.6,20.4,1.6,74.1
BS08,Geumjeong-gu,background,2023-02-03,24.0,39.6,3.6,20.0
BS02,Seo-gu,industrial,2023-06-13,37.7,27.2,1.5,84.5
BS05,Busanjin-gu,roadside,2023-02-19,50.3,65.8,1.4,48.3
BS02,Seo-gu,industrial,2023-12-29,33.5,88.7,5.6,33.1
BS04,Yeongdo-gu,background,2023-05-23,13.9,11.0,3.5,72.2
BS05,Busanjin-gu,roadside,2023-01-16,42.5,64.5,1.8,25.5
BS02,Seo-gu,industrial,2023-08-29,32.8,26.1,4.2,76.9
BS03,Dong-gu,roadside,2023-07-31,21.1,17.7,3.0,87.8
BS02,Seo-gu,industrial,2023-01-23,52.7,86.7,3.7,34.2
BS04,Yeongdo-gu,background,2023-10-09,17.1,25.8,1.2,51.9
BS03,Dong-gu,roadside,2023-06-20,,16.8,0.5,81.7
BS02,Seo-gu,industrial,2023-04-03,42.9,54.0,2.5,49.3
BS07,Saha-gu,industrial,2023-08-08,26.8,33.1,1.6,80.5
BS02,Seo-gu,industrial,2023-07-10,,25.4,2.0,
BS06,Haeundae-gu,background,2023-12-04,11.3,30.4,5.7,43.4
BS05,Busanjin-gu,roadside,2023-09-29,26.6,28.0,1.5,
BS06,Haeundae-gu,background,2023-07-26,8.9,9.4,2.5,77.8
BS08,Geumjeong-gu,background,2023-01-06,14.7,32.9,5.9,28.8
BS07,Saha-gu,industrial,2023-08-08,26.8,33.1,1.6,80.5
BS04,Yeongdo-gu,background,2023-05-20,12.3,21.8,2.6,58.3
BS06,Haeundae-gu,background,2023-10-15,27.3,17.5,0.3,47.0
BS03,Dong-gu,roadside,2023-09-26,10.7,31.0,6.4,59.4
BS01,Jung-gu,roadside,2023-09-14,31.5,48.8,1.2,80.6
BS03,Dong-gu,roadside,2023-07-19,14.4,19.3,4.7,69.0
BS01,Jung-gu,roadside,2023-02-02,24.6,47.1,8.1,35.2
BS08,Geumjeong-gu,background,2023-03-01,32.9,21.0,2.3,38.6
BS04,Yeongdo-gu,background,2023-07-17,,6.7,6.3,69.2
BS06,Haeundae-gu,background,2023-06-26,5.1,10.2,5.9,66.0
BS03,Dong-gu,roadside,2023-08-23,25.8,15.3,0.3,51.9
BS04,Yeongdo-gu,background,2023-12-22,31.8,32.7,1.5,39.4
BS07,Saha-gu,industrial,2023-06-30,23.3,26.4,1.7,90.6
BS03,Dong-gu,roadside,2023-07-20,15.1,18.7,1.2,84.3
BS06,Haeundae-gu,background,2023-01-23,20.3,20.8,4.0,32.1
BS07,Saha-gu,industrial,2023-03-20,62.3,64.7,1.7,51.8
BS08,Geumjeong-gu,background,2023-09-26,15.8,16.3,4.8,55.4
BS04,Yeongdo-gu,background,2023-12-03,30.3,27.5,1.7,34.0
BS03,Dong-gu,roadside,2023-11-15,14.2,39.0,5.4,40.5
BS05,Busanjin-gu,roadside,2023-03-07,18.2,36.5,8.5,34.6
BS05,Busanjin-gu,roadside,2023-02-17,74.7,48.2,1.4,37.7
BS08,Geumjeong-gu,background,2023-06-23,10.1,15.1,1.3,88.7
BS07,Saha-gu,industrial,2023-05-19,49.3,42.8,1.3,74.6
BS04,Yeongdo-gu,background,2023-04-22,17.1,13.0,2.3,58.4
BS04,Yeongdo-gu,background,2023-07-18,9.1,,3.2,72.1
BS01,Jung-gu,roadside,2023-05-22,28.2,21.2,1.3,67.1
BS07,Saha-gu,industrial,2023-06-25,40.1,25.9,0.8,68.9
BS01,Jung-gu,roadside,2023-07-14,,26.2,6.0,85.2
BS02,Seo-gu,industrial,2023-10-14,61.0,53.7,1.0,53.2
BS02,Seo-gu,industrial,2023-05-14,27.6,30.2,1.4,59.7
BS06,Haeundae-gu,background,2023-02-09,,26.4,12.2,30.8
BS04,Yeongdo-gu,background,2023-11-04,11.3,24.0,9.0,47.5
BS02,Seo-gu,industrial,2023-05-02,54.4,46.2,1.0,66.3
BS08,Geumjeong-gu,background,2023-08-21,9.5,20.4,3.1,80.9
BS08,Geumjeong-gu,background,2023-09-01,19.2,15.6,0.3,69.0
BS03,Dong-gu,roadside,2023-09-18,12.2,24.1,5.1,72.3
BS06,Haeundae-gu,background,2023-05-07,20.9,14.8,2.0,60.8
BS07,Saha-gu,industrial,2023-10-05,38.7,37.3,0.8,38.7
BS01,Jung-gu,roadside,2023-06-27,30.5,22.8,0.6,72.1
BS07,Saha-gu,industrial,2023-11-10,56.5,52.9,3.4,50.6
BS01,Jung-gu,roadside,2023-07-04,,23.5,4.6,90.6
BS04,Yeongdo-gu,background,2023-03-20,19.4,,2.8,50.2
BS04,Yeongdo-gu,background,2023-12-25,20.5,31.1,4.3,43.1
BS01,Jung-gu,roadside,2023-09-09,37.5,26.3,2.0,75.3
BS05,Busanjin-gu,roadside,2023-03-21,34.2,43.4,0.6,54.0
BS01,Jung-gu,roadside,2023-02-14,39.7,66.4,4.8,38.8
BS06,Haeundae-gu,background,2023-02-14,35.1,29.2,2.5,28.1
BS06,Haeundae-gu,background,2023-01-09,18.1,25.3,1.4,28.8
BS08,Geumjeong-gu,background,2023-05-11,28.9,12.6,0.8,61.0
BS05,Busanjin-gu,roadside,2023-04-27,42.5,32.7,1.9,62.1
BS06,Haeundae-gu,background,2023-02-21,42.6,30.5,0.2,32.6
BS07,Saha-gu,industrial,2023-12-29,64.2,47.7,3.5,37.1
BS03,Dong-gu,roadside,2023-04-23,33.6,32.8,1.3,60.0
BS02,Seo-gu,industrial,2023-09-03,22.1,25.2,3.1,72.0
BS02,Seo-gu,industrial,2023-06-17,26.8,29.8,1.2,84.0
BS07,Saha-gu,industrial,2023-08-04,18.8,28.7,4.9,84.4
BS02,Seo-gu,industrial,2023-11-09,32.5,60.8,8.5,38.2
BS02,Seo-gu,industrial,2023-02-16,40.0,77.9,4.8,30.8
BS08,Geumjeong-gu,background,2023-04-09,29.8,23.3,0.7,45.2
BS04,Yeongdo-gu,background,2023-09-27,7.5,12.9,6.6,57.3
BS02,Seo-gu,industrial,2023-08-18,24.7,36.5,4.1,59.1
BS03,Dong-gu,roadside,2023-05-10,17.5,32.1,7.4,60.1
BS05,Busanjin-gu,roadside,2023-09-27,17.1,34.7,5.9,67.2
BS08,Geumjeong-gu,background,2023-09-10,7.5,13.8,6.6,74.7
BS08,Geumjeong-gu,background,2023-06-18,7.3,13.6,5.8,77.9
BS03,Dong-gu,roadside,2023-12-31,36.7,52.8,1.8,36.9
BS03,Dong-gu,roadside,2023-02-27,70.8,43.2,1.5,29.9
BS08,Geumjeong-gu,background,2023-07-22,10.2,10.3,1.2,93.9
BS01,Jung-gu,roadside,2023-01-31,67.6,63.7,0.8,20.6
BS06,Haeundae-gu,background,2023-05-03,15.0,15.2,1.1,62.5
BS03,Dong-gu,roadside,2023-05-13,26.2,35.5,3.3,69.2
BS04,Yeongdo-gu,background,2023-11-28,23.4,22.6,0.7,30.4
BS01,Jung-gu,roadside,2023-10-17,39.2,54.1,2.1,54.5
BS06,Haeundae-gu,background,2023-02-17,25.9,23.5,2.6,20.3
BS05,Busanjin-gu,roadside,2023-10-24,48.4,46.8,2.9,48.2
BS08,Geumjeong-gu,background,2023-08-28,7.5,15.9,1.4,82.1
BS01,Jung-gu,roadside,2023-11-15,41.5,32.7,3.2,40.8
BS08,Geumjeong-gu,background,2023-03-02,33.7,24.9,1.2,31.5
BS03,Dong-gu,roadside,2023-10-21,19.8,,4.0,
BS07,Saha-gu,industrial,2023-10-28,71.5,61.1,1.3,54.8
BS01,Jung-gu,roadside,2023-12-21,62.7,78.9,1.0,26.6
BS01,Jung-gu,roadside,2023-06-12,17.0,30.8,5.2,75.5
BS07,Saha-gu,industrial,2023-07-11,17.0,29.7,4.5,92.8
BS02,Seo-gu,industrial,2023-02-07,53.1,70.3,1.7,31.3
BS08,Geumjeong-gu,background,2023-07-27,,14.3,1.2,86.9
BS06,Haeundae-gu,background,2023-12-08,29.8,24.8,2.1,42.5
BS06,Haeundae-gu,background,2023-10-21,7.4,20.8,7.1,47.9
BS05,Busanjin-gu,roadside,2023-05-23,45.8,29.3,2.9,74.3
BS07,Saha-gu,industrial,2023-12-26,61.9,77.2,1.5,38.8
BS07,Saha-gu,industrial,2023-03-01,69.0,59.3,3.1,30.1
BS01,Jung-gu,roadside,2023-03-15,37.1,46.8,2.0,52.5
BS06,Haeundae-gu,background,2023-09-04,7.8,15.5,4.3,77.7
BS02,Seo-gu,industrial,2023-04-09,24.6,41.7,6.0,54.5
BS01,Jung-gu,roadside,2023-07-31,16.2,30.3,2.9,70.8
BS03,Dong-gu,roadside,2023-11-22,35.4,49.2,1.3,39.3
BS01,Jung-gu,roadside,2023-03-05,68.8,42.8,0.4,29.1
BS04,Yeongdo-gu,background,2023-01-31,26.4,27.4,0.8,29.8
BS03,Dong-gu,roadside,2023-09-06,32.4,,1.5,75.0
BS07,Saha-gu,industrial,2023-06-29,48.0,29.8,2.4,73.3
BS01,Jung-gu,roadside,2023-02-15,35.8,39.1,2.8,27.0
BS04,Yeongdo-gu,background,2023-02-02,30.1,31.1,1.5,20.0
BS04,Yeongdo-gu,background,2023-11-01,12.5,18.2,4.0,44.1
BS04,Yeongdo-gu,background,2023-05-27,14.0,15.1,0.6,80.8
BS08,Geumjeong-gu,background,2023-07-06,11.6,13.7,4.2,87.8
BS02,Seo-gu,industrial,2023-08-23,13.9,31.9,20.4,75.0
BS01,Jung-gu,roadside,2023-03-22,31.9,50.7,4.9,34.5
BS02,Seo-gu,industrial,2023-12-20,51.4,77.5,2.9,33.6
BS06,Haeundae-gu,background,2023-03-31,14.2,16.4,4.5,70.9
BS02,Seo-gu,industrial,2023-03-09,52.7,52.6,2.8,40.2
BS01,Jung-gu,roadside,2023-04-04,46.3,41.0,0.9,54.3
BS04,Yeongdo-gu,background,2023-04-27,17.6,19.8,1.1,72.8
BS06,Haeundae-gu,background,2023-12-31,-5.9,23.5,4.3,33.8
BS07,Saha-gu,industrial,2023-02-01,42.7,73.3,5.3,30.6
BS04,Yeongdo-gu,background,2023-05-22,15.1,14.1,4.1,52.7
BS02,Seo-gu,industrial,2023-03-13,94.4,48.5,1.8,34.7
BS02,Seo-gu,industrial,2023-04-25,,47.8,0.6,67.2
BS04,Yeongdo-gu,background,2023-12-28,15.4,27.3,5.4,34.2
BS05,Busanjin-gu,roadside,2023-01-17,41.6,57.4,4.1,26.6
BS06,Haeundae-gu,background,2023-08-09,12.4,12.9,2.1,77.4
BS01,Jung-gu,roadside,2023-11-28,18.7,,7.7,29.3
BS03,Dong-gu,roadside,2023-01-30,36.5,39.7,4.5,40.2
BS02,Seo-gu,industrial,2023-11-11,74.7,68.0,2.8,48.4
BS07,Saha-gu,industrial,2023-08-21,33.1,33.7,1.0,94.7
BS02,Seo-gu,industrial,2023-11-08,18.1,67.4,7.6,37.4
BS05,Busanjin-gu,roadside,2023-04-13,47.5,,2.6,57.0
BS01,Jung-gu,roadside,2023-08-28,20.5,18.2,1.1,85.6
BS05,Busanjin-gu,roadside,2023-10-07,33.1,,2.4,61.7
BS03,Dong-gu,roadside,2023-07-02,25.9,,1.1,71.7
BS05,Busanjin-gu,roadside,2023-12-22,33.7,,7.2,33.3
BS07,Saha-gu,industrial,2023-05-21,48.6,35.1,0.7,67.1
BS02,Seo-gu,industrial,2023-01-04,44.2,84.4,7.2,36.3
BS02,Seo-gu,industrial,2023-06-28,28.6,29.7,4.4,69.8
BS05,Busanjin-gu,roadside,2023-05-12,15.6,26.1,4.8,72.4
BS07,Saha-gu,industrial,2023-04-05,47.8,52.4,4.5,44.9
BS03,Dong-gu,roadside,2023-03-23,37.6,49.0,0.9,49.4
BS08,Geumjeong-gu,background,2023-06-09,12.4,12.2,2.9,68.1
BS02,Seo-gu,industrial,2023-11-27,74.9,59.4,0.2,21.4
BS03,Dong-gu,roadside,2023-07-16,24.1,22.2,1.5,70.7
BS02,Seo-gu,industrial,2023-12-02,83.1,60.7,1.4,38.1
BS03,Dong-gu,roadside,2023-10-09,13.4,39.0,11.6,66.4
BS05,Busanjin-gu,roadside,2023-05-23,46.0,29.3,2.9,75.2
BS04,Yeongdo-gu,background,2023-04-08,27.7,18.9,1.6,58.9
BS04,Yeongdo-gu,background,2023-09-06,14.3,17.4,3.5,64.0
BS06,Haeundae-gu,background,2023-04-01,8.4,13.7,6.7,44.6
BS02,Seo-gu,industrial,2023-05-11,25.0,33.7,3.0,61.9
BS05,Busanjin-gu,roadside,2023-03-20,29.2,36.4,1.6,45.9
BS02,Seo-gu,industrial,2023-05-23,11.3,46.9,6.2,76.8
BS03,Dong-gu,roadside,2023-12-17,33.0,45.2,2.7,24.1
BS06,Haeundae-gu,background,2023-05-16,10.4,13.8,3.4,80.4
BS03,Dong-gu,roadside,2023-09-04,27.4,20.5,1.0,59.4
BS07,Saha-gu,industrial,2023-03-12,59.0,74.6,3.9,
BS03,Dong-gu,roadside,2023-12-01,37.8,43.1,3.4,43.4
BS07,Saha-gu,industrial,2023-04-20,70.7,41.6,0.8,60.5
BS08,Geumjeong-gu,background,2023-12-12,34.4,30.0,1.8,42.5
BS05,Busanjin-gu,roadside,2023-11-28,34.5,59.0,2.9,23.3
BS08,Geumjeong-gu,background,2023-05-29,9.8,15.8,2.7,67.6
BS06,Haeundae-gu,background,2023-04-06,28.3,17.7,0.7,54.7
BS08,Geumjeong-gu,background,2023-07-18,11.5,8.2,1.5,84.1
BS01,Jung-gu,roadside,2023-11-21,66.4,45.5,2.5,33.9
BS02,Seo-gu,industrial,2023-11-02,60.0,47.8,2.5,38.5
BS05,Busanjin-gu,roadside,2023-07-25,12.4,15.0,4.8,77.5
BS03,Dong-gu,roadside,2023-05-20,23.6,20.3,1.5,68.5
BS04,Yeongdo-gu,background,2023-01-12,,35.0,1.3,26.0
BS03,Dong-gu,roadside,2023-11-25,,41.8,5.1,42.6
BS05,Busanjin-gu,roadside,2023-08-20,26.1,19.4,2.3,68.9
BS01,Jung-gu,roadside,2023-03-12,60.0,43.8,2.9,37.5
BS02,Seo-gu,industrial,2023-02-15,78.0,99.6,2.9,33.7
BS03,Dong-gu,roadside,2023-02-25,36.6,38.9,1.8,38.7
BS03,Dong-gu,roadside,2023-11-28,23.2,28.6,4.2,50.0
BS01,Jung-gu,roadside,2023-02-26,79.7,38.2,1.7,37.7
BS08,Geumjeong-gu,background,2023-04-06,13.6,23.8,4.7,65.8
BS04,Yeongdo-gu,background,2023-10-14,23.2,13.6,0.3,56.6
BS02,Seo-gu,industrial,2023-04-24,40.9,60.7,3.3,62.3
BS08,Geumjeong-gu,background,2023-12-10,48.9,26.6,1.9,27.8
BS01,Jung-gu,roadside,2023-11-06,12.1,59.0,7.4,39.5
BS07,Saha-gu,industrial,2023-11-06,40.3,61.5,4.3,47.2
BS04,Yeongdo-gu,background,2023-02-26,12.2,25.8,5.1,22.0
BS03,Dong-gu,roadside,2023-03-21,,42.9,4.3,49.6
BS08,Geumjeong-gu,background,2023-08-27,21.7,17.3,1.5,63.0
BS07,Saha-gu,industrial,2023-11-26,69.9,80.0,1.0,49.6
BS01,Jung-gu,roadside,2023-11-29,49.6,43.1,2.2,48.3
BS02,Seo-gu,industrial,2023-04-06,58.2,55.1,0.8,58.3
BS02,Seo-gu,industrial,2023-03-16,49.3,64.2,1.6,30.5
BS06,Haeundae-gu,background,2023-08-18,11.0,11.7,0.4,84.2
BS04,Yeongdo-gu,background,2023-02-21,10.4,27.6,7.1,34.0
BS03,Dong-gu,roadside,2023-02-01,37.4,56.5,3.2,28.6
BS05,Busanjin-gu,roadside,2023-10-28,14.0,50.0,7.8,69.2
BS05,Busanjin-gu,roadside,2023-02-20,42.7,48.4,2.5,50.8
BS06,Haeundae-gu,background,2023-06-13,8.5,10.4,4.6,88.5
BS04,Yeongdo-gu,background,2023-07-20,,11.2,2.0,82.0
BS06,Haeundae-gu,background,2023-12-14,23.2,18.8,2.8,41.1
BS05,Busanjin-gu,roadside,2023-08-13,8.5,15.0,11.8,69.7
BS08,Geumjeong-gu,background,2023-01-21,25.8,22.1,3.0,27.7
BS01,Jung-gu,roadside,2023-05-01,30.1,28.2,3.1,50.1
BS08,Geumjeong-gu,background,2023-01-20,37.4,22.3,2.1,29.1
BS06,Haeundae-gu,background,2023-02-27,9.4,18.1,6.5,43.1
BS02,Seo-gu,industrial,2023-09-05,38.3,38.0,2.8,63.0
BS04,Yeongdo-gu,background,2023-12-01,56.3,19.6,3.5,33.4
BS05,Busanjin-gu,roadside,2023-02-15,59.2,49.1,4.0,39.8
BS07,Saha-gu,industrial,2023-11-17,48.9,55.6,0.3,34.3
BS01,Jung-gu,roadside,2023-08-22,32.1,25.7,1.7,75.4
BS04,Yeongdo-gu,background,2023-05-28,11.8,12.0,2.1,78.6
BS02,Seo-gu,industrial,2023-07-09,37.2,22.7,2.4,82.7
BS01,Jung-gu,roadside,2023-04-22,28.6,42.6,0.9,60.3
BS06,Haeundae-gu,background,2023-08-14,16.6,11.7,0.9,76.4
BS01,Jung-gu,roadside,2023-08-07,15.3,23.9,3.6,80.2
BS08,Geumjeong-gu,background,2023-08-02,7.5,,5.2,80.1
BS04,Yeongdo-gu,background,2023-04-16,8.4,18.6,14.6,53.5
BS07,Saha-gu,industrial,2023-06-06,55.0,35.1,0.7,80.4
BS04,Yeongdo-gu,background,2023-08-16,9.8,10.2,1.1,82.8
BS02,Seo-gu,industrial,2023-06-29,11.9,31.8,6.8,75.5
BS03,Dong-gu,roadside,2023-11-01,44.4,36.8,3.3,29.7
BS08,Geumjeong-gu,background,2023-02-09,16.2,24.8,6.9,32.2
BS05,Busanjin-gu,roadside,2023-05-15,29.9,21.4,3.5,74.2
BS04,Yeongdo-gu,background,2023-01-06,32.9,23.1,1.3,
BS07,Saha-gu,industrial,2023-11-21,85.3,67.1,1.4,41.3
BS03,Dong-gu,roadside,2023-10-19,36.7,38.9,1.8,44.5
BS04,Yeongdo-gu,background,2023-01-08,21.0,26.3,2.1,34.4
BS03,Dong-gu,roadside,2023-07-17,23.2,,0.9,83.7
BS03,Dong-gu,roadside,2023-12-30,44.4,55.7,3.3,20.0
BS06,Haeundae-gu,background,2023-10-26,16.5,23.4,3.0,39.7
BS04,Yeongdo-gu,background,2023-03-24,26.3,19.3,0.4,34.9
BS07,Saha-gu,industrial,2023-01-20,159.5,77.2,0.2,35.2
BS08,Geumjeong-gu,background,2023-12-07,22.3,26.8,1.1,30.9
BS07,Saha-gu,industrial,2023-03-15,78.0,,0.8,40.2
BS01,Jung-gu,roadside,2023-01-30,78.2,90.6,1.9,29.4
BS06,Haeundae-gu,background,2023-05-05,16.7,17.1,3.5,70.6
BS04,Yeongdo-gu,background,2023-11-09,22.4,20.9,2.5,33.6
BS04,Yeongdo-gu,background,2023-10-03,30.0,27.5,0.6,58.0
BS04,Yeongdo-gu,background,2023-09-15,13.8,16.9,1.6,58.9
BS04,Yeongdo-gu,background,2023-05-16,13.5,10.9,3.6,74.5
BS01,Jung-gu,roadside,2023-07-03,11.5,24.0,5.3,82.7
BS03,Dong-gu,roadside,2023-01-15,74.7,58.4,1.0,38.1
BS01,Jung-gu,roadside,2023-07-08,,22.2,1.8,79.1
BS01,Jung-gu,roadside,2023-06-20,29.7,16.2,0.4,74.4
BS06,Haeundae-gu,background,2023-04-14,14.4,19.6,1.5,51.1
BS01,Jung-gu,roadside,2023-02-13,53.9,55.8,2.5,40.3
BS01,Jung-gu,roadside,2023-03-29,33.0,59.0,2.7,49.3
BS08,Geumjeong-gu,background,2023-04-28,25.6,21.0,4.0,48.4
BS05,Busanjin-gu,roadside,2023-01-13,41.4,39.4,2.1,29.0
BS01,Jung-gu,roadside,2023-10-10,33.4,21.6,1.6,60.0
BS02,Seo-gu,industrial,2023-02-25,59.5,61.4,2.5,47.3
BS02,Seo-gu,industrial,2023-06-12,,27.0,1.9,64.7
BS03,Dong-gu,roadside,2023-01-12,65.7,32.1,0.5,44.9
BS02,Seo-gu,industrial,2023-03-20,45.9,62.0,3.8,52.1
BS04,Yeongdo-gu,background,2023-07-14,6.0,8.4,7.7,71.5
BS05,Busanjin-gu,roadside,2023-09-01,11.3,17.8,4.9,68.1
BS06,Haeundae-gu,background,2023-04-13,15.0,17.4,1.0,43.4
BS07,Saha-gu,industrial,2023-03-09,97.5,48.5,2.7,42.2
BS07,Saha-gu,industrial,2023-08-03,36.6,35.2,2.6,87.9
BS01,Jung-gu,roadside,2023-05-30,31.3,28.0,0.4,67.6
BS03,Dong-gu,roadside,2023-10-08,29.8,29.9,2.8,53.5
BS02,Seo-gu,industrial,2023-04-17,42.6,48.8,3.4,64.3
BS07,Saha-gu,industrial,2023-06-04,14.7,32.9,6.5,74.9
BS04,Yeongdo-gu,background,2023-10-08,17.3,18.4,1.9,44.9
BS06,Haeundae-gu,background,2023-09-02,7.0,18.6,5.0,68.0
BS03,Dong-gu,roadside,2023-10-25,72.1,43.6,0.8,56.7
BS01,Jung-gu,roadside,2023-05-15,24.5,22.1,2.0,65.5
BS06,Haeundae-gu,background,2023-12-25,27.4,27.1,2.1,32.4
BS02,Seo-gu,industrial,2023-07-12,31.4,20.2,2.1,89.7
BS04,Yeongdo-gu,background,2023-09-08,22.2,14.3,0.8,83.9
BS08,Geumjeong-gu,background,2023-06-01,8.8,16.5,3.2,64.8
BS03,Dong-gu,roadside,2023-10-30,29.6,44.4,2.0,59.9
BS08,Geumjeong-gu,background,2023-06-08,13.4,10.4,5.5,
BS08,Geumjeong-gu,background,2023-01-26,38.8,29.0,0.6,35.0
BS06,Haeundae-gu,background,2023-10-22,,13.7,1.9,52.9
BS05,Busanjin-gu,roadside,2023-12-21,74.1,39.1,0.8,36.6
BS07,Saha-gu,industrial,2023-02-21,71.1,55.5,1.3,20.8
BS08,Geumjeong-gu,background,2023-07-01,16.6,15.9,0.4,75.5
BS03,Dong-gu,roadside,2023-04-25,28.6,28.5,4.3,61.6
BS06,Haeundae-gu,background,2023-07-03,14.5,,2.1,83.0
BS01,Jung-gu,roadside,2023-08-10,17.4,,4.4,67.6
BS08,Geumjeong-gu,background,2023-05-09,12.0,15.6,1.8,59.6
BS05,Busanjin-gu,roadside,2023-09-25,21.1,31.3,2.2,63.0
BS07,Saha-gu,industrial,2023-11-24,73.0,65.4,2.1,34.0
BS05,Busanjin-gu,roadside,2023-12-07,25.6,50.9,2.7,39.1
BS06,Haeundae-gu,background,2023-09-30,8.4,13.8,3.9,62.9
BS01,Jung-gu,roadside,2023-06-23,15.9,22.1,4.0,87.6
BS07,Saha-gu,industrial,2023-03-11,88.8,48.5,1.0,43.7
BS03,Dong-gu,roadside,2023-07-27,15.7,15.8,1.5,77.3
BS07,Saha-gu,industrial,2023-11-02,43.4,54.2,1.9,45.4
BS03,Dong-gu,roadside,2023-09-29,21.6,21.4,4.1,59.9
BS04,Yeongdo-gu,background,2023-08-03,8.0,12.5,2.9,76.8
BS03,Dong-gu,roadside,2023-03-01,17.2,35.3,6.5,37.7
BS02,Seo-gu,industrial,2023-07-28,27.5,25.0,3.5,77.9
BS05,Busanjin-gu,roadside,2023-09-07,34.8,23.9,1.0,79.3
BS01,Jung-gu,roadside,2023-11-11,37.3,43.7,1.4,28.6
BS01,Jung-gu,roadside,2023-06-02,12.3,35.5,6.9,58.7
BS08,Geumjeong-gu,background,2023-06-13,13.7,13.9,3.2,69.6
BS05,Busanjin-gu,roadside,2023-03-18,26.3,49.7,2.6,
BS02,Seo-gu,industrial,2023-02-28,30.9,,12.6,31.4
BS01,Jung-gu,roadside,2023-09-30,35.9,27.9,2.6,61.0
BS01,Jung-gu,roadside,2023-09-28,22.3,32.2,4.7,59.6
BS02,Seo-gu,industrial,2023-07-19,27.6,24.8,5.0,90.7
BS04,Yeongdo-gu,background,2023-04-23,11.3,19.1,3.2,63.9
BS03,Dong-gu,roadside,2023-03-02,38.0,,1.2,38.7
BS05,Busanjin-gu,roadside,2023-01-15,25.9,56.0,2.8,40.5
BS07,Saha-gu,industrial,2023-10-19,70.1,49.4,1.6,58.6
BS04,Yeongdo-gu,background,2023-01-09,32.9,28.0,2.9,22.4
BS02,Seo-gu,industrial,2023-08-05,19.9,25.5,1.2,68.9
BS03,Dong-gu,roadside,2023-04-28,34.2,27.7,0.8,59.8
BS05,Busanjin-gu,roadside,2023-12-04,43.1,45.0,4.7,27.4
BS08,Geumjeong-gu,background,2023-02-25,18.8,27.5,4.8,48.5
BS07,Saha-gu,industrial,2023-12-19,74.8,,1.1,33.5
BS03,Dong-gu,roadside,2023-02-07,34.3,42.6,2.5,30.1
BS01,Jung-gu,roadside,2023-09-15,32.5,36.6,3.1,62.8
BS06,Haeundae-gu,background,2023-02-16,17.4,24.0,4.7,32.3
BS01,Jung-gu,roadside,2023-05-20,,24.8,2.7,80.4
BS07,Saha-gu,industrial,2023-05-26,23.1,28.2,1.6,61.0
BS08,Geumjeong-gu,background,2023-07-04,14.6,12.6,1.1,80.1
BS03,Dong-gu,roadside,2023-03-06,57.5,45.6,2.1,35.0
BS07,Saha-gu,industrial,2023-12-18,92.4,48.8,2.2,25.0
BS01,Jung-gu,roadside,2023-09-12,33.2,31.1,2.2,67.1
BS03,Dong-gu,roadside,2023-04-26,20.1,25.4,4.3,68.8
BS03,Dong-gu,roadside,2023-10-03,25.7,24.2,2.9,64.5
BS03,Dong-gu,roadside,2023-03-29,25.4,43.3,1.5,49.5
BS05,Busanjin-gu,roadside,2023-11-20,30.8,75.9,3.4,49.2
BS01,Jung-gu,roadside,2023-06-18,19.2,17.5,3.8,78.0
BS02,Seo-gu,industrial,2023-06-20,37.9,28.9,3.3,61.0
BS06,Haeundae-gu,background,2023-08-17,8.1,13.0,4.2,83.3
BS06,Haeundae-gu,background,2023-12-25,27.5,27.1,2.1,33.3
BS08,Geumjeong-gu,background,2023-07-02,11.2,16.2,2.7,67.9
BS01,Jung-gu,roadside,2023-10-19,48.3,49.1,1.7,49.5
BS03,Dong-gu,roadside,2023-03-22,14.5,37.1,7.3,37.5
BS02,Seo-gu,industrial,2023-03-27,21.6,40.0,7.0,40.6
BS02,Seo-gu,industrial,2023-03-10,89.2,42.8,0.2,29.3
BS07,Saha-gu,industrial,2023-11-15,36.1,69.0,6.9,47.3
BS06,Haeundae-gu,background,2023-11-10,21.8,14.3,1.4,36.1
BS06,Haeundae-gu,background,2023-04-23,23.4,22.7,0.5,50.5
BS02,Seo-gu,industrial,2023-02-13,26.5,68.2,6.6,31.8
BS07,Saha-gu,industrial,2023-02-22,70.9,59.5,3.5,35.5
BS07,Saha-gu,industrial,2023-05-01,41.7,47.5,4.5,48.1
BS01,Jung-gu,roadside,2023-05-16,26.6,17.3,2.4,76.5
BS04,Yeongdo-gu,background,2023-11-21,26.9,23.4,2.0,29.5
BS06,Haeundae-gu,background,2023-12-29,36.4,19.8,2.3,31.9
BS05,Busanjin-gu,roadside,2023-10-20,51.2,26.9,0.7,56.2
BS02,Seo-gu,industrial,2023-01-03,68.7,60.4,4.6,32.2
BS08,Geumjeong-gu,background,2023-04-20,,37.2,2.8,51.6
BS07,Saha-gu,industrial,2023-08-17,33.4,31.3,3.8,62.7
BS07,Saha-gu,industrial,2023-02-07,60.3,93.2,4.7,31.0
BS03,Dong-gu,roadside,2023-02-12,23.7,28.2,4.6,26.5
BS05,Busanjin-gu,roadside,2023-10-04,33.2,24.5,2.8,72.4
BS03,Dong-gu,roadside,2023-10-15,33.2,27.9,2.0,46.9
BS03,Dong-gu,roadside,2023-08-04,21.2,18.0,2.4,80.4
BS02,Seo-gu,industrial,2023-05-01,27.1,45.9,4.5,61.4
BS03,Dong-gu,roadside,2023-12-10,78.7,35.8,0.3,43.0
BS07,Saha-gu,industrial,2023-03-23,49.2,43.7,3.0,31.4
BS04,Yeongdo-gu,background,2023-07-03,18.5,10.0,0.4,95.1
BS03,Dong-gu,roadside,2023-12-12,23.9,33.3,5.0,35.2
BS05,Busanjin-gu,roadside,2023-04-04,37.1,45.8,2.7,43.4
BS01,Jung-gu,roadside,2023-07-30,18.3,21.9,4.8,95.8
BS06,Haeundae-gu,background,2023-12-20,17.5,26.3,2.6,20.0
BS07,Saha-gu,industrial,2023-05-13,34.9,37.9,5.5,68.4
BS06,Haeundae-gu,background,2023-09-22,16.0,10.7,2.4,67.0
BS08,Geumjeong-gu,background,2023-01-10,23.3,30.3,3.1,28.3
BS02,Seo-gu,industrial,2023-01-01,67.0,81.6,3.0,35.7
BS02,Seo-gu,industrial,2023-02-19,32.3,,5.6,37.6
BS01,Jung-gu,roadside,2023-11-10,39.1,39.7,4.8,49.3
BS05,Busanjin-gu,roadside,2023-08-23,27.3,23.5,2.5,75.0
BS04,Yeongdo-gu,background,2023-12-07,30.9,,1.5,31.1
BS06,Haeundae-gu,background,2023-01-18,34.4,22.8,1.7,22.3
BS03,Dong-gu,roadside,2023-06-23,22.6,14.3,0.9,71.5
BS02,Seo-gu,industrial,2023-06-18,32.8,27.3,0.6,77.0
BS03,Dong-gu,roadside,2023-03-24,17.3,39.3,5.0,39.1
BS02,Seo-gu,industrial,2023-07-23,34.0,27.8,0.1,77.4
BS02,Seo-gu,industrial,2023-02-12,73.0,38.8,2.0,42.7
BS06,Haeundae-gu,background,2023-04-11,13.5,19.6,5.1,62.2
BS01,Jung-gu,roadside,2023-04-19,26.0,43.3,3.6,49.0
BS07,Saha-gu,industrial,2023-10-20,78.7,54.8,1.6,60.3
BS07,Saha-gu,industrial,2023-05-07,44.3,39.4,4.0,61.3
BS04,Yeongdo-gu,background,2023-01-22,24.7,24.8,3.7,23.0
BS07,Saha-gu,industrial,2023-06-19,17.3,,5.0,76.9
BS02,Seo-gu,industrial,2023-06-06,51.1,22.5,0.7,69.2
BS08,Geumjeong-gu,background,2023-11-19,22.9,53.1,4.1,37.9
BS07,Saha-gu,industrial,2023-11-09,22.1,58.3,6.3,35.9
BS08,Geumjeong-gu,background,2023-09-16,21.0,21.6,0.7,61.0
BS05,Busanjin-gu,roadside,2023-10-13,38.8,41.6,1.1,52.3
BS02,Seo-gu,industrial,2023-02-20,97.2,61.2,1.2,21.9
BS08,Geumjeong-gu,background,2023-03-20,21.3,27.5,3.9,58.8
BS04,Yeongdo-gu,background,2023-02-08,29.4,25.1,2.7,28.1
BS06,Haeundae-gu,background,2023-08-10,6.6,11.6,3.7,68.8
BS01,Jung-gu,roadside,2023-07-19,21.6,21.8,4.1,71.7
BS01,Jung-gu,roadside,2023-10-11,35.0,,0.3,72.9
BS01,Jung-gu,roadside,2023-08-20,15.5,20.9,5.2,74.0
BS03,Dong-gu,roadside,2023-12-21,32.7,49.0,3.9,39.7
BS06,Haeundae-gu,background,2023-04-22,15.0,21.8,1.5,55.0
BS01,Jung-gu,roadside,2023-04-07,72.5,41.0,1.4,53.4
BS04,Yeongdo-gu,background,2023-08-31,12.4,12.0,2.2,69.5
BS02,Seo-gu,industrial,2023-08-26,29.3,37.6,1.7,69.5
BS03,Dong-gu,roadside,2023-10-16,40.7,36.2,1.8,46.1
BS03,Dong-gu,roadside,2023-01-13,53.4,35.8,1.4,22.7
BS08,Geumjeong-gu,background,2023-09-11,21.0,20.7,1.7,57.7
BS07,Saha-gu,industrial,2023-12-12,64.4,70.4,1.4,30.7
BS04,Yeongdo-gu,background,2023-08-24,8.7,9.4,2.8,71.7
BS05,Busanjin-gu,roadside,2023-09-10,24.6,20.6,1.3,62.9
BS01,Jung-gu,roadside,2023-04-15,20.4,29.1,4.8,70.4
BS04,Yeongdo-gu,background,2023-09-29,9.0,16.8,4.7,64.9
BS03,Dong-gu,roadside,2023-06-09,23.5,18.2,1.1,64.8
BS02,Seo-gu,industrial,2023-07-27,34.2,21.4,1.5,81.5
BS05,Busanjin-gu,roadside,2023-11-07,,38.4,2.5,45.7
BS01,Jung-gu,roadside,2023-08-15,30.0,24.2,2.0,75.0
BS08,Geumjeong-gu,background,2023-03-23,29.6,26.0,1.1,54.6
BS08,Geumjeong-gu,background,2023-01-13,25.6,29.4,0.8,20.0
BS03,Dong-gu,roadside,2023-10-23,46.0,37.1,1.9,49.0
BS08,Geumjeong-gu,background,2023-07-09,11.4,8.2,0.9,75.2
BS06,Haeundae-gu,background,2023-04-08,19.0,17.6,0.5,46.0
BS02,Seo-gu,industrial,2023-04-10,41.4,48.1,3.8,47.5
BS05,Busanjin-gu,roadside,2023-09-27,17.0,34.7,5.9,67.3
BS07,Saha-gu,industrial,2023-02-03,73.4,93.5,4.8,49.0
BS04,Yeongdo-gu,background,2023-04-26,10.0,15.8,13.5,51.9
BS03,Dong-gu,roadside,2023-01-26,35.8,50.2,3.2,31.7
BS06,Haeundae-gu,background,2023-09-25,12.3,15.5,3.5,66.6
BS04,Yeongdo-gu,background,2023-06-15,10.2,11.6,4.2,77.5
BS01,Jung-gu,roadside,2023-08-01,11.0,24.3,5.4,92.8
BS01,Jung-gu,roadside,2023-01-13,29.4,,4.4,40.9
BS04,Yeongdo-gu,background,2023-09-25,16.9,16.8,2.0,50.8
BS02,Seo-gu,industrial,2023-02-27,48.6,48.1,4.3,40.8
BS04,Yeongdo-gu,background,2023-04-29,,20.8,0.7,59.6
BS08,Geumjeong-gu,background,2023-02-02,21.3,28.8,4.3,36.8
BS02,Seo-gu,industrial,2023-09-30,21.4,30.7,7.5,77.0
BS07,Saha-gu,industrial,2023-07-25,26.1,23.6,2.6,74.5
BS05,Busanjin-gu,roadside,2023-05-01,37.3,35.5,0.9,49.1
BS02,Seo-gu,industrial,2023-05-25,32.8,,1.2,84.6
BS03,Dong-gu,roadside,2023-03-31,34.5,,4.5,45.8
BS03,Dong-gu,roadside,2023-08-01,18.0,14.6,4.4,80.7
BS07,Saha-gu,industrial,2023-07-20,27.8,,1.5,82.5
BS08,Geumjeong-gu,background,2023-02-06,37.1,29.2,2.4,29.2
BS02,Seo-gu,industrial,2023-06-03,33.8,42.8,1.0,71.5
BS07,Saha-gu,industrial,2023-01-13,61.7,70.9,4.3,37.6
BS03,Dong-gu,roadside,2023-11-08,42.2,39.8,1.6,44.8
BS06,Haeundae-gu,background,2023-03-14,21.6,18.2,1.7,48.5
BS07,Saha-gu,industrial,2023-01-01,112.6,60.4,1.2,21.1
BS04,Yeongdo-gu,background,2023-09-14,12.6,14.8,3.6,71.8
BS04,Yeongdo-gu,background,2023-06-19,4.3,14.1,10.3,70.7
BS03,Dong-gu,roadside,2023-05-09,15.4,25.8,4.9,66.8
BS03,Dong-gu,roadside,2023-06-27,15.6,15.7,3.3,64.3
BS08,Geumjeong-gu,background,2023-10-24,8.4,,8.6,55.0
BS01,Jung-gu,roadside,2023-12-25,40.6,53.0,3.2,32.9
BS07,Saha-gu,industrial,2023-10-12,74.7,46.1,0.7,61.1
BS07,Saha-gu,industrial,2023-06-02,18.0,25.0,6.4,75.3
BS01,Jung-gu,roadside,2023-09-17,28.4,28.7,1.3,66.6
BS08,Geumjeong-gu,background,2023-01-28,38.4,31.1,2.5,26.6
BS07,Saha-gu,industrial,2023-06-05,15.1,30.0,6.1,78.0
BS08,Geumjeong-gu,background,2023-04-25,9.9,23.4,6.0,67.1
BS03,Dong-gu,roadside,2023-05-18,18.0,22.2,3.5,67.1
BS07,Saha-gu,industrial,2023-06-20,32.6,32.3,2.1,75.0
BS08,Geumjeong-gu,background,2023-09-06,19.8,15.1,3.6,75.8
BS04,Yeongdo-gu,background,2023-11-13,15.1,20.6,3.0,29.1
BS03,Dong-gu,roadside,2023-04-10,37.1,,1.3,68.4
BS08,Geumjeong-gu,background,2023-04-19,30.4,15.5,0.4,53.2
BS08,Geumjeong-gu,background,2023-03-24,20.5,28.0,1.4,48.8
BS02,Seo-gu,industrial,2023-04-02,70.5,45.9,0.5,51.1
BS02,Seo-gu,industrial,2023-04-08,39.3,40.8,3.2,58.1
BS06,Haeundae-gu,background,2023-12-19,19.6,24.3,4.0,47.1
BS06,Haeundae-gu,background,2023-02-11,19.8,36.6,3.1,33.3
BS02,Seo-gu,industrial,2023-01-17,43.5,,5.7,39.3
BS07,Saha-gu,industrial,2023-10-15,40.7,44.0,1.1,60.5
BS04,Yeongdo-gu,background,2023-12-27,53.3,15.7,2.1,41.1
BS06,Haeundae-gu,background,2023-07-08,4.5,10.7,6.5,79.8
BS06,Haeundae-gu,background,2023-11-02,30.5,16.8,3.0,36.9
BS06,Haeundae-gu,background,2023-03-29,22.4,17.0,1.8,58.5
BS03,Dong-gu,roadside,2023-03-14,40.8,55.4,2.8,50.0
BS07,Saha-gu,industrial,2023-12-17,75.1,,3.9,39.3
BS03,Dong-gu,roadside,2023-04-15,28.0,36.7,2.5,43.9
BS03,Dong-gu,roadside,2023-06-17,22.1,18.8,0.4,69.8
BS07,Saha-gu,industrial,2023-05-03,23.0,59.7,3.6,62.4
BS07,Saha-gu,industrial,2023-09-15,49.1,34.3,2.6,77.9
BS04,Yeongdo-gu,background,2023-01-20,41.9,19.1,1.2,21.4
BS02,Seo-gu,industrial,2023-06-27,,27.3,6.7,82.5
BS05,Busanjin-gu,roadside,2023-09-14,28.9,24.4,1.9,62.4
BS04,Yeongdo-gu,background,2023-01-16,14.5,27.7,3.9,33.0
BS05,Busanjin-gu,roadside,2023-08-10,17.3,17.3,3.2,76.1
BS07,Saha-gu,industrial,2023-07-01,,31.2,1.8,86.7
BS07,Saha-gu,industrial,2023-07-02,30.5,29.0,1.8,75.5
BS05,Busanjin-gu,roadside,2023-02-07,12.0,48.9,14.7,21.9
BS06,Haeundae-gu,background,2023-05-19,529.6,10.7,5.0,65.6
BS08,Geumjeong-gu,background,2023-12-11,16.0,29.7,4.8,37.7
BS08,Geumjeong-gu,background,2023-10-10,27.2,21.9,1.6,49.8
BS03,Dong-gu,roadside,2023-08-08,19.6,22.1,0.8,77.9
BS05,Busanjin-gu,roadside,2023-11-04,42.7,,4.1,50.4
BS05,Busanjin-gu,roadside,2023-05-19,23.0,34.6,2.0,59.0
BS03,Dong-gu,roadside,2023-06-01,17.3,29.0,1.9,76.0
BS02,Seo-gu,industrial,2023-03-12,44.4,69.6,2.4,49.0
BS02,Seo-gu,industrial,2023-12-31,61.0,64.7,3.4,24.0
BS01,Jung-gu,roadside,2023-08-26,23.8,27.9,4.2,78.8
BS05,Busanjin-gu,roadside,2023-06-03,11.9,24.5,5.6,78.6
BS01,Jung-gu,roadside,2023-04-20,40.6,51.0,4.8,51.2
BS06,Haeundae-gu,background,2023-05-22,14.4,18.6,2.0,80.5
BS01,Jung-gu,roadside,2023-06-13,14.0,,2.9,82.8
BS06,Haeundae-gu,background,2023-07-24,6.7,10.8,2.5,84.6
BS01,Jung-gu,roadside,2023-09-10,23.8,33.6,2.0,78.9
BS06,Haeundae-gu,background,2023-02-24,45.0,23.6,1.5,38.8
BS05,Busanjin-gu,roadside,2023-01-21,34.7,56.6,3.7,20.0
BS04,Yeongdo-gu,background,2023-05-12,11.5,15.9,5.6,69.5
BS08,Geumjeong-gu,background,2023-06-04,13.2,6.6,1.1,71.1
BS07,Saha-gu,industrial,2023-06-16,33.1,25.4,1.5,68.3
BS05,Busanjin-gu,roadside,2023-04-29,26.4,52.9,4.5,54.7
BS07,Saha-gu,industrial,2023-04-06,68.0,48.4,1.2,40.8
BS07,Saha-gu,industrial,2023-09-07,41.4,39.4,4.1,58.1
BS03,Dong-gu,roadside,2023-01-17,57.5,46.4,4.3,23.7
BS03,Dong-gu,roadside,2023-12-28,23.8,39.4,3.5,33.3
BS04,Yeongdo-gu,background,2023-03-08,19.7,22.4,4.6,41.1
BS05,Busanjin-gu,roadside,2023-08-26,12.6,26.8,9.1,74.0
BS08,Geumjeong-gu,background,2023-04-21,32.9,21.4,0.8,68.1
BS02,Seo-gu,industrial,2023-04-07,40.9,43.9,3.1,51.5
BS07,Saha-gu,industrial,2023-07-17,,27.0,0.9,81.0
BS01,Jung-gu,roadside,2023-06-07,24.7,41.2,2.3,72.0
BS05,Busanjin-gu,roadside,2023-12-27,62.6,44.5,1.8,31.6
BS06,Haeundae-gu,background,2023-06-28,16.6,12.5,2.0,59.5
BS05,Busanjin-gu,roadside,2023-07-10,22.8,21.2,1.0,85.7
BS06,Haeundae-gu,background,2023-06-12,10.1,10.1,2.7,83.8
BS01,Jung-gu,roadside,2023-08-27,23.9,25.7,2.2,73.6
BS05,Busanjin-gu,roadside,2023-09-28,11.7,34.0,8.0,61.4
BS03,Dong-gu,roadside,2023-11-03,32.2,37.0,2.9,65.8
BS06,Haeundae-gu,background,2023-02-25,37.8,27.0,0.3,26.3
BS01,Jung-gu,roadside,2023-04-11,46.0,32.7,0.5,55.0
BS01,Jung-gu,roadside,2023-11-12,46.3,34.8,2.9,47.7
BS04,Yeongdo-gu,background,2023-11-29,25.2,29.5,1.2,50.8
BS03,Dong-gu,roadside,2023-07-22,19.2,17.7,3.3,72.2
BS06,Haeundae-gu,background,2023-04-19,15.7,23.3,3.5,64.3
BS03,Dong-gu,roadside,2023-02-23,51.6,33.2,1.4,22.5
BS01,Jung-gu,roadside,2023-09-19,16.9,23.8,4.1,81.1
BS04,Yeongdo-gu,background,2023-06-06,24.0,13.9,0.2,74.6
BS05,Busanjin-gu,roadside,2023-04-18,27.7,44.9,1.5,59.4
BS06,Haeundae-gu,background,2023-06-20,8.5,9.1,4.2,66.0
BS05,Busanjin-gu,roadside,2023-08-19,7.9,22.6,4.4,89.6
BS08,Geumjeong-gu,background,2023-04-30,15.6,15.3,5.3,69.8
BS01,Jung-gu,roadside,2023-06-29,9.9,24.7,8.8,65.1
BS07,Saha-gu,industrial,2023-03-21,,80.1,2.2,47.0
BS08,Geumjeong-gu,background,2023-04-26,11.6,26.5,2.7,62.9
BS03,Dong-gu,roadside,2023-09-27,20.7,29.1,1.9,65.6
BS04,Yeongdo-gu,background,2023-03-06,15.7,28.2,3.6,36.6
BS03,Dong-gu,roadside,2023-09-28,30.7,23.2,3.9,59.7
BS02,Seo-gu,industrial,2023-10-25,61.3,59.5,3.0,68.7
BS02,Seo-gu,industrial,2023-04-26,62.1,41.9,1.1,64.7
BS05,Busanjin-gu,roadside,2023-06-05,17.8,20.3,2.9,85.7
BS04,Yeongdo-gu,background,2023-01-11,25.2,23.9,0.4,34.3
BS06,Haeundae-gu,background,2023-05-12,9.4,15.2,4.3,60.4
BS06,Haeundae-gu,background,2023-05-08,6.2,13.2,6.8,53.4
BS07,Saha-gu,industrial,2023-03-02,53.7,66.0,2.0,30.5
BS06,Haeundae-gu,background,2023-12-28,21.8,45.0,1.7,20.0
BS07,Saha-gu,industrial,2023-06-26,31.7,23.4,0.4,70.4
BS05,Busanjin-gu,roadside,2023-06-14,23.0,22.0,1.0,79.4
BS04,Yeongdo-gu,background,2023-07-27,,9.4,2.1,67.9
BS07,Saha-gu,industrial,2023-01-05,86.8,77.4,1.5,39.9
BS05,Busanjin-gu,roadside,2023-12-25,23.6,61.9,5.6,22.1
BS02,Seo-gu,industrial,2023-12-07,73.7,63.3,2.3,39.5
BS06,Haeundae-gu,background,2023-09-10,9.1,12.1,3.6,61.0
BS04,Yeongdo-gu,background,2023-11-15,22.3,21.2,0.4,51.5
BS01,Jung-gu,roadside,2023-09-05,8.9,,8.1,72.4
BS05,Busanjin-gu,roadside,2023-02-12,67.9,50.2,2.4,35.8
BS08,Geumjeong-gu,background,2023-11-20,18.1,33.9,5.0,54.5
BS08,Geumjeong-gu,background,2023-10-03,24.4,23.4,2.5,47.6
BS06,Haeundae-gu,background,2023-05-21,7.1,11.5,5.5,59.0
BS01,Jung-gu,roadside,2023-12-14,83.9,56.4,2.0,20.0
BS05,Busanjin-gu,roadside,2023-11-23,50.1,55.5,1.0,32.9
BS08,Geumjeong-gu,background,2023-10-09,23.6,18.5,0.1,62.9
BS07,Saha-gu,industrial,2023-02-12,120.4,73.2,0.9,32.4
BS02,Seo-gu,industrial,2023-10-18,54.2,37.2,0.5,55.4
BS04,Yeongdo-gu,background,2023-06-18,13.6,9.2,2.9,71.5
BS03,Dong-gu,roadside,2023-11-11,15.9,35.1,5.9,43.6
BS08,Geumjeong-gu,background,2023-08-25,15.6,11.0,2.7,78.8
BS07,Saha-gu,industrial,2023-12-13,52.7,75.3,3.0,33.0
BS05,Busanjin-gu,roadside,2023-09-18,26.9,19.8,1.3,58.7
BS05,Busanjin-gu,roadside,2023-06-18,13.3,31.8,13.2,70.1
BS05,Busanjin-gu,roadside,2023-01-02,18.7,60.4,5.4,20.0
BS03,Dong-gu,roadside,2023-05-08,31.3,25.1,0.8,64.0
BS02,Seo-gu,industrial,2023-03-22,51.8,55.4,3.0,26.9
BS02,Seo-gu,industrial,2023-09-10,54.5,40.0,2.7,75.7
BS08,Geumjeong-gu,background,2023-04-03,19.8,26.6,0.9,54.7
BS05,Busanjin-gu,roadside,2023-11-06,27.9,36.5,2.5,48.6
BS08,Geumjeong-gu,background,2023-11-08,21.2,25.4,3.5,49.2
BS04,Yeongdo-gu,background,2023-10-26,20.1,25.0,3.0,57.8
BS07,Saha-gu,industrial,2023-03-14,90.3,60.0,1.3,44.8
BS07,Saha-gu,industrial,2023-11-07,43.7,44.2,4.1,
BS02,Seo-gu,industrial,2023-07-02,30.3,36.4,2.1,74.3
BS08,Geumjeong-gu,background,2023-04-17,11.8,20.4,5.0,68.8
BS05,Busanjin-gu,roadside,2023-02-16,54.0,49.8,1.2,37.1
BS01,Jung-gu,roadside,2023-09-21,-14.3,35.1,1.1,65.4
BS04,Yeongdo-gu,background,2023-07-11,9.3,15.3,3.7,77.3
BS05,Busanjin-gu,roadside,2023-09-26,13.6,,11.3,59.7
BS01,Jung-gu,roadside,2023-12-20,51.0,59.3,1.6,38.4
BS01,Jung-gu,roadside,2023-07-28,21.0,22.4,1.3,79.9
BS03,Dong-gu,roadside,2023-08-11,15.4,19.1,2.7,72.8
BS03,Dong-gu,roadside,2023-04-12,26.5,29.6,3.8,52.0
BS03,Dong-gu,roadside,2023-12-15,38.1,53.4,1.9,29.1
BS06,Haeundae-gu,background,2023-10-07,21.1,20.1,4.0,61.0
BS06,Haeundae-gu,background,2023-03-26,17.8,14.7,2.5,41.1
BS01,Jung-gu,roadside,2023-02-27,43.0,,3.4,44.3
BS08,Geumjeong-gu,background,2023-08-15,10.3,14.1,2.8,83.5
BS08,Geumjeong-gu,background,2023-03-03,21.5,31.8,5.1,39.8
BS02,Seo-gu,industrial,2023-07-16,14.2,22.2,4.1,81.3
BS06,Haeundae-gu,background,2023-05-06,22.7,15.4,1.0,59.0
BS01,Jung-gu,roadside,2023-08-18,15.5,42.3,1.2,79.1
BS05,Busanjin-gu,roadside,2023-06-30,13.9,21.0,3.2,67.3
BS03,Dong-gu,roadside,2023-02-21,57.6,38.9,0.6,31.2
BS07,Saha-gu,industrial,2023-02-26,63.1,74.2,1.1,43.6
BS04,Yeongdo-gu,background,2023-03-21,51.6,22.9,1.5,67.3
BS08,Geumjeong-gu,background,2023-03-06,30.2,25.3,1.9,23.0
BS08,Geumjeong-gu,background,2023-07-07,8.1,9.5,5.6,81.0
BS04,Yeongdo-gu,background,2023-02-10,43.1,25.7,2.5,37.7
BS02,Seo-gu,industrial,2023-12-09,28.8,58.6,8.9,29.8
BS02,Seo-gu,industrial,2023-03-01,76.7,41.2,2.4,33.4
BS01,Jung-gu,roadside,2023-03-11,17.0,47.9,7.7,45.8
BS03,Dong-gu,roadside,2023-01-19,64.9,53.7,1.0,27.8
BS06,Haeundae-gu,background,2023-03-21,13.2,19.5,5.3,46.6
BS05,Busanjin-gu,roadside,2023-05-27,9.0,19.7,6.0,77.3
BS03,Dong-gu,roadside,2023-03-10,43.1,30.5,1.6,44.5
BS04,Yeongdo-gu,background,2023-01-30,28.9,24.0,1.0,26.4
BS07,Saha-gu,industrial,2023-12-06,54.3,,4.0,30.4
BS07,Saha-gu,industrial,2023-02-09,53.7,68.4,3.5,31.6
BS05,Busanjin-gu,roadside,2023-11-14,54.3,44.0,1.0,43.7
BS02,Seo-gu,industrial,2023-09-13,39.2,35.2,1.4,68.4
BS03,Dong-gu,roadside,2023-02-05,41.5,37.8,2.6,33.4
BS04,Yeongdo-gu,background,2023-10-11,24.1,17.1,1.3,59.1
BS05,Busanjin-gu,roadside,2023-12-20,63.5,43.2,2.8,30.4
BS05,Busanjin-gu,roadside,2023-07-16,19.1,23.2,2.4,90.2
BS08,Geumjeong-gu,background,2023-05-27,9.3,20.6,4.8,80.8
BS03,Dong-gu,roadside,2023-03-19,20.2,36.8,6.7,47.1
BS04,Yeongdo-gu,background,2023-01-23,44.3,,2.5,27.1
BS07,Saha-gu,industrial,2023-05-09,31.3,51.4,13.1,67.6
BS04,Yeongdo-gu,background,2023-08-20,7.3,12.7,3.3,69.9
BS01,Jung-gu,roadside,2023-10-07,42.5,30.6,0.6,65.4
BS04,Yeongdo-gu,background,2023-11-23,34.7,,1.6,46.8
BS04,Yeongdo-gu,background,2023-12-04,24.4,22.9,1.4,20.0
BS06,Haeundae-gu,background,2023-05-09,14.6,18.6,2.4,71.9
BS03,Dong-gu,roadside,2023-07-01,,19.5,1.5,82.0
BS05,Busanjin-gu,roadside,2023-04-23,22.5,37.1,4.4,51.8
BS06,Haeundae-gu,background,2023-07-11,,7.9,0.6,81.4
BS03,Dong-gu,roadside,2023-05-07,17.4,19.9,7.2,61.4
BS02,Seo-gu,industrial,2023-08-20,17.2,27.8,4.6,70.5
BS04,Yeongdo-gu,background,2023-06-14,10.5,10.3,1.3,75.8
BS06,Haeundae-gu,background,2023-09-26,18.3,10.2,0.5,68.5
BS04,Yeongdo-gu,background,2023-12-07,31.0,,1.5,30.5
BS08,Geumjeong-gu,background,2023-04-22,20.2,16.9,0.9,61.4
BS02,Seo-gu,industrial,2023-03-17,56.2,52.7,0.1,62.4
BS02,Seo-gu,industrial,2023-05-24,21.9,35.2,3.8,64.4
BS01,Jung-gu,roadside,2023-03-18,39.3,72.9,3.4,60.7
BS05,Busanjin-gu,roadside,2023-12-19,48.0,56.2,3.9,29.4
BS02,Seo-gu,industrial,2023-10-12,68.2,44.3,1.8,50.6
BS02,Seo-gu,industrial,2023-06-07,47.9,23.3,0.7,73.0
BS07,Saha-gu,industrial,2023-07-26,23.4,27.2,1.6,70.9
BS07,Saha-gu,industrial,2023-11-12,69.7,53.8,4.1,38.1
BS04,Yeongdo-gu,background,2023-11-25,21.9,27.7,4.9,28.5
BS06,Haeundae-gu,background,2023-10-06,,10.2,1.4,67.8
BS05,Busanjin-gu,roadside,2023-06-27,20.5,,1.3,74.4
BS04,Yeongdo-gu,background,2023-02-09,33.6,29.1,2.0,31.2
BS05,Busanjin-gu,roadside,2023-04-26,32.3,36.7,1.2,49.9
BS02,Seo-gu,industrial,2023-09-23,49.8,36.3,1.4,68.8
BS08,Geumjeong-gu,background,2023-11-13,11.5,28.2,9.4,39.0
BS04,Yeongdo-gu,background,2023-12-08,45.0,21.0,2.0,34.2
BS06,Haeundae-gu,background,2023-10-10,15.1,15.2,3.0,56.0
BS02,Seo-gu,industrial,2023-04-28,28.8,50.9,4.8,67.4
BS06,Haeundae-gu,background,2023-01-11,9.5,28.7,5.9,20.8
BS05,Busanjin-gu,roadside,2023-09-19,62.3,30.2,1.2,67.8
BS08,Geumjeong-gu,background,2023-06-10,14.1,15.9,0.4,90.2
BS03,Dong-gu,roadside,2023-12-05,31.5,41.2,4.2,38.2
BS02,Seo-gu,industrial,2023-03-15,68.6,46.7,0.6,42.7
BS06,Haeundae-gu,background,2023-12-03,20.8,20.9,1.7,34.1
BS05,Busanjin-gu,roadside,2023-01-09,61.9,66.8,1.3,24.9
BS06,Haeundae-gu,background,2023-08-04,13.8,9.1,1.6,83.3
BS01,Jung-gu,roadside,2023-06-16,13.7,18.8,5.9,75.5
BS01,Jung-gu,roadside,2023-03-01,33.6,64.9,1.5,54.5
BS02,Seo-gu,industrial,2023-09-04,19.5,30.5,0.5,77.6
BS02,Seo-gu,industrial,2023-06-15,45.6,27.7,0.7,79.4
BS05,Busanjin-gu,roadside,2023-06-16,16.6,24.7,0.6,71.8
BS01,Jung-gu,roadside,2023-02-19,69.1,61.5,2.5,38.3
BS04,Yeongdo-gu,background,2023-11-12,10.3,30.2,6.8,55.7
BS06,Haeundae-gu,background,2023-09-20,24.9,12.2,0.8,68.4
BS06,Haeundae-gu,background,2023-12-27,35.1,20.4,0.9,25.4
BS01,Jung-gu,roadside,2023-02-18,40.8,54.6,2.6,29.3
BS02,Seo-gu,industrial,2023-12-21,44.9,58.4,2.8,28.1
BS04,Yeongdo-gu,background,2023-11-14,23.5,22.5,1.1,47.9
BS04,Yeongdo-gu,background,2023-05-02,19.1,17.8,0.1,73.5
BS08,Geumjeong-gu,background,2023-11-01,26.2,20.9,2.7,50.5
BS05,Busanjin-gu,roadside,2023-11-01,36.3,49.8,1.6,43.5
BS02,Seo-gu,industrial,2023-09-25,45.4,41.1,3.4,52.2
BS05,Busanjin-gu,roadside,2023-08-31,33.5,23.8,1.3,70.5
BS06,Haeundae-gu,background,2023-09-17,12.7,15.5,4.7,63.8
BS08,Geumjeong-gu,background,2023-04-15,23.7,22.8,2.1,55.3
BS08,Geumjeong-gu,background,2023-06-27,11.1,12.9,3.7,71.5
BS01,Jung-gu,roadside,2023-01-26,46.3,55.6,1.7,38.0
BS04,Yeongdo-gu,background,2023-10-24,19.8,25.0,4.2,52.8
BS04,Yeongdo-gu,background,2023-05-07,10.8,14.0,2.2,55.6
BS01,Jung-gu,roadside,2023-10-04,31.7,33.6,0.8,64.2
BS06,Haeundae-gu,background,2023-10-16,33.6,19.3,2.1,
BS03,Dong-gu,roadside,2023-05-25,14.7,19.7,2.8,74.9
BS06,Haeundae-gu,background,2023-09-29,15.3,14.9,1.0,57.7
BS01,Jung-gu,roadside,2023-12-28,66.3,47.7,1.1,31.7
BS07,Saha-gu,industrial,2023-06-13,22.5,28.7,2.2,70.4
BS07,Saha-gu,industrial,2023-11-19,62.1,88.1,3.4,37.2
BS05,Busanjin-gu,roadside,2023-05-13,38.5,,1.7,71.0
BS07,Saha-gu,industrial,2023-04-07,18.7,62.9,5.9,49.1
BS03,Dong-gu,roadside,2023-07-30,29.6,22.6,0.7,85.3
BS05,Busanjin-gu,roadside,2023-10-16,31.6,28.2,2.1,55.8
BS06,Haeundae-gu,background,2023-01-08,45.1,23.9,0.5,20.0
BS04,Yeongdo-gu,background,2023-06-08,7.4,12.7,7.7,97.4
BS08,Geumjeong-gu,background,2023-01-23,12.3,31.0,7.0,35.5
BS01,Jung-gu,roadside,2023-10-25,49.5,41.9,1.7,47.7
BS08,Geumjeong-gu,background,2023-05-07,13.5,21.4,0.3,55.2
BS01,Jung-gu,roadside,2023-08-29,9.1,19.6,7.2,80.9
BS07,Saha-gu,industrial,2023-09-09,44.6,49.3,2.5,63.5
BS02,Seo-gu,industrial,2023-08-06,6.6,29.0,7.2,82.1
BS08,Geumjeong-gu,background,2023-09-19,,19.9,3.3,79.6
BS04,Yeongdo-gu,background,2023-06-24,,15.9,1.0,85.1
BS08,Geumjeong-gu,background,2023-12-23,38.0,39.1,1.6,25.0
BS05,Busanjin-gu,roadside,2023-05-14,19.9,39.7,4.1,73.5
BS01,Jung-gu,roadside,2023-12-17,43.4,49.7,5.7,44.9
BS08,Geumjeong-gu,background,2023-05-18,14.9,15.4,3.1,81.2
BS06,Haeundae-gu,background,2023-03-06,27.9,17.2,1.6,49.8
BS01,Jung-gu,roadside,2023-12-16,64.6,44.7,1.6,29.7
BS07,Saha-gu,industrial,2023-07-24,34.9,31.6,0.5,98.0
BS06,Haeundae-gu,background,2023-05-29,16.5,14.1,1.0,86.0
BS07,Saha-gu,industrial,2023-08-01,36.8,27.5,1.8,78.5
BS01,Jung-gu,roadside,2023-08-01,11.1,24.3,5.4,93.3
BS03,Dong-gu,roadside,2023-12-26,45.5,53.6,1.6,25.9
BS02,Seo-gu,industrial,2023-10-20,51.2,36.9,0.4,65.1
BS07,Saha-gu,industrial,2023-03-18,32.3,68.6,7.2,49.5
BS04,Yeongdo-gu,background,2023-04-11,15.6,34.8,1.8,54.9
BS04,Yeongdo-gu,background,2023-05-14,14.0,16.5,5.7,54.4
BS07,Saha-gu,industrial,2023-08-16,29.0,22.2,2.5,85.4
BS07,Saha-gu,industrial,2023-04-03,51.7,62.2,2.2,61.6
BS06,Haeundae-gu,background,2023-07-02,6.9,10.6,3.8,78.2
BS03,Dong-gu,roadside,2023-11-20,47.3,45.4,0.5,52.6
BS06,Haeundae-gu,background,2023-09-11,14.7,12.9,2.0,69.5
BS07,Saha-gu,industrial,2023-04-23,72.5,54.4,1.4,61.3
BS02,Seo-gu,industrial,2023-06-23,33.8,29.1,2.6,73.4
BS04,Yeongdo-gu,background,2023-10-28,14.6,15.2,3.0,43.5
BS04,Yeongdo-gu,background,2023-12-16,12.9,22.7,8.5,32.5
BS08,Geumjeong-gu,background,2023-11-18,34.6,22.9,1.6,34.0
BS07,Saha-gu,industrial,2023-08-05,34.4,23.2,2.7,61.4
BS05,Busanjin-gu,roadside,2023-04-10,17.3,48.6,3.9,43.0
BS03,Dong-gu,roadside,2023-02-26,36.3,55.5,3.8,33.4
BS08,Geumjeong-gu,background,2023-03-28,9.3,16.1,7.1,57.2
BS07,Saha-gu,industrial,2023-09-29,36.3,37.9,2.6,51.7
BS03,Dong-gu,roadside,2023-02-28,36.2,30.8,0.8,38.6
BS03,Dong-gu,roadside,2023-08-17,35.0,17.0,1.4,76.6
BS04,Yeongdo-gu,background,2023-05-17,14.6,10.4,0.8,64.8
BS06,Haeundae-gu,background,2023-04-02,24.7,21.2,1.5,47.6
BS02,Seo-gu,industrial,2023-12-16,71.1,46.0,2.8,32.1
BS03,Dong-gu,roadside,2023-03-15,36.7,36.3,2.1,47.1
BS04,Yeongdo-gu,background,2023-08-10,5.2,12.8,6.3,91.8
BS05,Busanjin-gu,roadside,2023-01-03,,55.3,2.8,20.0
BS01,Jung-gu,roadside,2023-05-04,27.9,33.3,1.7,60.4
BS07,Saha-gu,industrial,2023-09-16,44.8,30.1,3.0,66.2
BS05,Busanjin-gu,roadside,2023-10-03,34.3,24.7,1.1,67.8
BS08,Geumjeong-gu,background,2023-08-13,16.9,16.1,4.2,62.4
BS02,Seo-gu,industrial,2023-09-11,35.0,49.2,4.4,55.3
BS02,Seo-gu,industrial,2023-02-11,49.1,81.2,1.1,27.7
BS04,Yeongdo-gu,background,2023-01-05,32.6,22.5,3.1,32.3
BS07,Saha-gu,industrial,2023-10-13,41.4,47.7,4.6,55.9
BS05,Busanjin-gu,roadside,2023-09-16,12.6,29.8,8.0,65.2
BS05,Busanjin-gu,roadside,2023-02-28,,33.3,3.9,36.3
BS02,Seo-gu,industrial,2023-05-13,19.2,43.0,5.1,57.8
BS08,Geumjeong-gu,background,2023-07-23,13.2,11.9,1.9,78.2
BS01,Jung-gu,roadside,2023-11-22,60.0,38.5,0.4,31.3
BS01,Jung-gu,roadside,2023-12-09,17.2,56.3,9.0,26.0
BS07,Saha-gu,industrial,2023-01-30,80.4,58.4,1.8,27.2
BS03,Dong-gu,roadside,2023-02-22,63.9,39.3,1.3,29.5
BS07,Saha-gu,industrial,2023-05-10,36.3,41.0,2.2,66.1
BS01,Jung-gu,roadside,2023-10-27,27.9,35.1,5.7,48.4
BS07,Saha-gu,industrial,2023-06-18,31.5,39.3,1.5,
BS03,Dong-gu,roadside,2023-09-07,19.6,26.9,2.8,60.5
BS07,Saha-gu,industrial,2023-01-26,75.0,63.4,0.6,29.6
BS08,Geumjeong-gu,background,2023-11-12,37.7,17.9,2.7,39.9
BS06,Haeundae-gu,background,2023-07-30,9.8,12.3,1.3,73.6
BS05,Busanjin-gu,roadside,2023-05-30,,20.8,3.2,74.9
BS01,Jung-gu,roadside,2023-08-09,15.5,12.6,5.4,63.8
BS05,Busanjin-gu,roadside,2023-04-02,38.8,25.3,2.3,46.6
BS08,Geumjeong-gu,background,2023-07-20,13.2,10.9,1.3,84.0
BS02,Seo-gu,industrial,2023-03-26,41.3,67.5,3.7,49.3
BS07,Saha-gu,industrial,2023-02-14,87.5,33.5,2.3,21.0
BS05,Busanjin-gu,roadside,2023-02-04,32.2,76.2,4.0,50.6
BS07,Saha-gu,industrial,2023-05-31,31.3,35.3,3.2,73.9
BS01,Jung-gu,roadside,2023-03-26,,59.7,3.2,43.1
BS04,Yeongdo-gu,background,2023-11-19,18.7,21.8,3.1,55.2
BS03,Dong-gu,roadside,2023-02-16,44.4,42.7,0.2,35.5
BS03,Dong-gu,roadside,2023-04-22,23.5,23.9,2.9,67.3
BS02,Seo-gu,industrial,2023-09-14,32.8,28.5,2.7,53.5
BS04,Yeongdo-gu,background,2023-01-03,38.9,19.4,1.4,41.5
BS01,Jung-gu,roadside,2023-09-24,50.9,34.3,2.9,61.1
BS04,Yeongdo-gu,background,2023-01-19,29.2,26.5,0.6,35.3
BS01,Jung-gu,roadside,2023-10-18,41.5,40.1,0.7,45.6
BS07,Saha-gu,industrial,2023-09-20,53.7,43.3,0.7,65.5
BS08,Geumjeong-gu,background,2023-01-31,9.1,35.8,7.2,23.7
BS04,Yeongdo-gu,background,2023-09-07,8.2,12.8,5.7,60.3
BS02,Seo-gu,industrial,2023-02-21,46.9,59.0,1.6,20.1
BS02,Seo-gu,industrial,2023-04-18,48.1,36.7,3.4,42.2
BS02,Seo-gu,industrial,2023-08-28,32.9,26.3,2.2,73.9
BS06,Haeundae-gu,background,2023-04-20,12.6,15.6,4.9,62.1
BS05,Busanjin-gu,roadside,2023-10-09,40.3,44.7,0.1,48.0
BS03,Dong-gu,roadside,2023-07-06,17.1,20.1,3.0,64.1
BS04,Yeongdo-gu,background,2023-03-25,16.9,21.5,2.6,32.3
BS05,Busanjin-gu,roadside,2023-04-09,28.6,36.6,3.8,40.6
BS07,Saha-gu,industrial,2023-08-22,28.3,37.0,3.0,79.1
BS08,Geumjeong-gu,background,2023-10-20,26.3,25.8,1.8,37.8
BS02,Seo-gu,industrial,2023-10-17,46.5,52.0,1.3,30.6
BS06,Haeundae-gu,background,2023-12-26,29.2,35.5,0.4,27.1
BS06,Haeundae-gu,background,2023-08-15,6.4,15.0,8.6,79.2
BS04,Yeongdo-gu,background,2023-05-11,17.7,12.5,2.3,70.8
BS03,Dong-gu,roadside,2023-04-02,46.1,51.3,0.9,53.7
BS01,Jung-gu,roadside,2023-12-10,43.7,54.5,3.7,34.3
BS08,Geumjeong-gu,background,2023-05-25,9.2,11.7,3.7,79.8
BS04,Yeongdo-gu,background,2023-02-26,12.5,25.8,5.1,22.6
BS04,Yeongdo-gu,background,2023-08-17,9.3,12.3,1.2,78.4
BS07,Saha-gu,industrial,2023-08-18,39.3,35.6,2.7,73.7
BS01,Jung-gu,roadside,2023-10-06,39.2,32.9,1.5,56.1
BS04,Yeongdo-gu,background,2023-06-25,15.3,9.8,2.6,86.2
BS05,Busanjin-gu,roadside,2023-04-01,19.8,35.5,5.7,52.8
BS05,Busanjin-gu,roadside,2023-06-01,30.6,17.3,2.6,81.7
BS04,Yeongdo-gu,background,2023-10-18,23.8,17.5,2.3,44.5
BS01,Jung-gu,roadside,2023-01-19,61.5,66.8,1.4,27.5
BS02,Seo-gu,industrial,2023-09-06,54.0,38.8,2.1,68.1
BS02,Seo-gu,industrial,2023-10-06,35.8,36.1,4.5,59.1
BS06,Haeundae-gu,background,2023-07-06,12.2,11.0,0.7,82.8
BS04,Yeongdo-gu,background,2023-04-20,12.5,21.2,1.2,58.7
BS04,Yeongdo-gu,background,2023-12-09,15.3,22.1,4.5,32.2
BS05,Busanjin-gu,roadside,2023-07-22,15.8,17.3,1.5,76.5
BS07,Saha-gu,industrial,2023-03-22,64.4,44.3,2.1,40.3
BS05,Busanjin-gu,roadside,2023-04-15,25.6,33.8,5.6,42.8
BS06,Haeundae-gu,background,2023-11-01,36.0,17.1,2.0,57.3
BS08,Geumjeong-gu,background,2023-08-14,10.6,10.9,3.2,78.3
BS03,Dong-gu,roadside,2023-01-27,43.5,30.4,2.8,48.4
BS07,Saha-gu,industrial,2023-12-04,49.5,76.1,5.5,46.8
BS04,Yeongdo-gu,background,2023-09-20,18.3,14.3,4.1,64.7
BS05,Busanjin-gu,roadside,2023-03-29,22.9,48.5,5.9,39.0
BS01,Jung-gu,roadside,2023-03-30,51.9,52.8,2.8,53.5
BS02,Seo-gu,industrial,2023-11-12,130.1,55.2,1.2,30.6
BS08,Geumjeong-gu,background,2023-04-11,22.9,24.4,2.8,64.0
BS06,Haeundae-gu,background,2023-07-25,7.7,8.7,3.3,88.6
BS07,Saha-gu,industrial,2023-07-04,21.2,27.9,3.0,89.9
BS03,Dong-gu,roadside,2023-08-24,,19.1,2.1,95.4
BS05,Busanjin-gu,roadside,2023-04-16,18.4,43.8,4.6,49.7
BS03,Dong-gu,roadside,2023-08-20,23.1,16.8,4.3,64.5
BS01,Jung-gu,roadside,2023-08-08,28.9,20.9,0.5,77.5
BS07,Saha-gu,industrial,2023-12-28,59.5,62.9,3.2,46.7
BS02,Seo-gu,industrial,2023-08-25,24.5,26.1,3.2,67.5
BS01,Jung-gu,roadside,2023-12-27,45.5,67.3,1.6,
BS05,Busanjin-gu,roadside,2023-06-13,29.8,18.8,2.6,74.5
BS01,Jung-gu,roadside,2023-10-31,11.1,,7.9,52.9
BS01,Jung-gu,roadside,2023-02-22,93.5,55.9,0.8,42.9
BS07,Saha-gu,industrial,2023-01-03,94.9,46.3,1.0,31.9
BS05,Busanjin-gu,roadside,2023-06-10,26.5,18.7,1.9,74.0
BS07,Saha-gu,industrial,2023-07-30,11.9,22.2,9.5,64.6
BS05,Busanjin-gu,roadside,2023-10-12,31.0,27.5,3.5,60.9
BS01,Jung-gu,roadside,2023-01-01,47.0,53.1,4.0,42.8
BS04,Yeongdo-gu,background,2023-04-03,23.2,22.4,2.4,46.9
BS07,Saha-gu,industrial,2023-01-19,40.5,66.3,3.2,41.1
BS06,Haeundae-gu,background,2023-01-25,20.6,29.5,2.4,34.4
BS01,Jung-gu,roadside,2023-12-11,39.6,56.7,2.2,41.9
BS03,Dong-gu,roadside,2023-04-20,54.7,30.4,1.1,48.0
BS03,Dong-gu,roadside,2023-09-14,12.2,25.0,5.3,65.4
BS05,Busanjin-gu,roadside,2023-09-11,19.8,20.0,5.2,71.0
BS07,Saha-gu,industrial,2023-03-20,62.3,64.7,1.7,51.8
BS05,Busanjin-gu,roadside,2023-11-08,57.2,38.8,1.9,45.0
BS04,Yeongdo-gu,background,2023-06-10,18.9,14.3,0.9,66.8
BS02,Seo-gu,industrial,2023-10-10,16.2,53.0,7.3,
BS08,Geumjeong-gu,background,2023-01-30,37.0,31.7,2.5,26.5
BS06,Haeundae-gu,background,2023-07-29,5.6,8.9,3.7,74.1
BS04,Yeongdo-gu,background,2023-10-25,40.2,21.5,0.3,54.1
BS05,Busanjin-gu,roadside,2023-12-11,62.5,54.2,2.9,45.4
BS07,Saha-gu,industrial,2023-01-24,81.5,93.5,2.9,34.5
BS03,Dong-gu,roadside,2023-08-28,18.3,16.9,2.9,76.4
BS03,Dong-gu,roadside,2023-10-27,17.6,39.8,5.2,51.1
BS06,Haeundae-gu,background,2023-05-23,,13.4,3.3,81.2
BS03,Dong-gu,roadside,2023-11-14,13.8,40.0,6.7,38.2
BS05,Busanjin-gu,roadside,2023-02-13,26.7,62.0,4.9,36.9
BS01,Jung-gu,roadside,2023-07-12,22.6,20.4,0.3,75.5
BS03,Dong-gu,roadside,2023-03-13,41.5,37.9,1.0,41.3
BS01,Jung-gu,roadside,2023-06-24,30.9,16.2,2.6,73.4
BS01,Jung-gu,roadside,2023-03-27,50.3,,2.2,36.1
BS08,Geumjeong-gu,background,2023-07-29,11.7,15.5,3.9,70.9
BS07,Saha-gu,industrial,2023-02-18,94.0,58.2,0.9,27.9
BS07,Saha-gu,industrial,2023-05-20,45.1,52.7,2.5,64.0
BS01,Jung-gu,roadside,2023-12-18,48.6,67.9,2.6,33.6
BS02,Seo-gu,industrial,2023-10-31,49.2,56.9,0.7,50.2
BS07,Saha-gu,industrial,2023-09-27,32.9,33.0,3.0,65.6
BS03,Dong-gu,roadside,2023-10-12,46.1,40.9,1.2,59.8
BS01,Jung-gu,roadside,2023-05-09,57.0,30.2,2.6,66.0
BS01,Jung-gu,roadside,2023-12-07,62.7,43.4,1.4,43.3
BS05,Busanjin-gu,roadside,2023-12-16,48.2,46.3,0.9,20.6
BS01,Jung-gu,roadside,2023-01-08,98.1,69.8,2.9,37.2
BS03,Dong-gu,roadside,2023-12-25,28.5,33.3,4.4,34.8
BS03,Dong-gu,roadside,2023-06-11,24.0,17.3,2.9,77.0
BS05,Busanjin-gu,roadside,2023-09-30,44.2,35.6,0.9,65.6
BS01,Jung-gu,roadside,2023-11-04,55.4,58.3,0.6,37.4
BS02,Seo-gu,industrial,2023-01-19,72.4,74.1,2.6,24.2
BS05,Busanjin-gu,roadside,2023-10-14,25.0,41.8,1.1,56.4
BS06,Haeundae-gu,background,2023-03-22,31.7,16.0,1.1,50.0
BS02,Seo-gu,industrial,2023-03-03,72.9,71.4,1.0,44.8
BS02,Seo-gu,industrial,2023-05-10,22.1,48.8,5.4,62.6
BS07,Saha-gu,industrial,2023-07-13,18.1,30.9,5.9,84.2
BS07,Saha-gu,industrial,2023-02-24,94.0,68.6,0.7,41.6
BS04,Yeongdo-gu,background,2023-04-06,19.9,21.3,2.5,43.4
BS06,Haeundae-gu,background,2023-02-19,14.6,20.1,4.0,27.6
BS01,Jung-gu,roadside,2023-10-03,47.3,34.6,0.4,54.6
BS02,Seo-gu,industrial,2023-05-05,34.8,44.3,1.8,58.3
BS07,Saha-gu,industrial,2023-05-16,33.3,33.5,1.5,79.3
BS02,Seo-gu,industrial,2023-11-22,70.4,48.3,0.9,52.3
BS06,Haeundae-gu,background,2023-07-28,9.6,12.1,1.8,75.1
BS07,Saha-gu,industrial,2023-04-29,51.7,52.2,1.9,62.5
BS07,Saha-gu,industrial,2023-07-27,23.6,23.1,3.1,78.0
BS06,Haeundae-gu,background,2023-07-17,7.4,9.5,2.0,92.7
BS01,Jung-gu,roadside,2023-04-29,58.8,29.9,0.2,61.2
BS06,Haeundae-gu,background,2023-03-15,24.0,19.2,1.4,41.0
BS05,Busanjin-gu,roadside,2023-06-06,8.0,15.5,6.7,79.2
BS01,Jung-gu,roadside,2023-10-09,33.1,33.8,4.6,63.4
BS05,Busanjin-gu,roadside,2023-07-17,9.5,20.2,6.7,87.1
BS07,Saha-gu,industrial,2023-04-08,68.3,37.6,1.3,59.9
BS06,Haeundae-gu,background,2023-03-08,16.7,21.9,1.7,43.2
BS03,Dong-gu,roadside,2023-12-27,40.1,36.4,1.8,25.2
BS06,Haeundae-gu,background,2023-06-27,13.0,11.2,1.0,66.0
BS08,Geumjeong-gu,background,2023-12-13,28.5,25.5,1.3,22.1
BS06,Haeundae-gu,background,2023-01-26,41.6,17.1,1.4,41.9
BS01,Jung-gu,roadside,2023-11-01,57.8,48.9,2.2,37.7
BS07,Saha-gu,industrial,2023-10-30,43.6,54.7,4.0,58.4
BS08,Geumjeong-gu,background,2023-08-05,,11.1,5.1,83.0
BS04,Yeongdo-gu,background,2023-07-23,8.0,10.6,2.7,81.3
BS02,Seo-gu,industrial,2023-07-30,27.1,24.4,0.5,65.6
BS07,Saha-gu,industrial,2023-10-26,22.8,54.3,7.0,45.4
BS08,Geumjeong-gu,background,2023-05-23,6.2,17.1,8.4,70.7
BS08,Geumjeong-gu,background,2023-01-17,26.9,30.1,2.8,25.5
BS08,Geumjeong-gu,background,2023-03-22,,25.4,3.2,46.6
BS04,Yeongdo-gu,background,2023-06-26,3.6,10.7,6.1,96.3
BS06,Haeundae-gu,background,2023-07-18,11.7,,2.8,83.7
BS04,Yeongdo-gu,background,2023-04-12,22.8,16.6,3.1,43.4
BS01,Jung-gu,roadside,2023-09-27,35.4,32.8,3.0,62.3
BS02,Seo-gu,industrial,2023-09-22,38.4,40.5,1.0,78.1
BS03,Dong-gu,roadside,2023-10-31,39.8,46.4,0.3,40.3
BS01,Jung-gu,roadside,2023-10-14,34.0,,1.5,69.7
BS06,Haeundae-gu,background,2023-12-06,8.4,,8.3,38.4
BS01,Jung-gu,roadside,2023-10-28,44.2,52.6,2.9,38.8
BS04,Yeongdo-gu,background,2023-07-08,7.4,8.3,9.4,64.9
BS06,Haeundae-gu,background,2023-01-13,26.1,28.6,1.9,20.0
BS01,Jung-gu,roadside,2023-03-07,41.7,51.6,2.5,47.0
BS07,Saha-gu,industrial,2023-06-09,26.1,29.4,4.0,91.1
BS03,Dong-gu,roadside,2023-06-10,11.6,21.6,2.6,84.9
BS06,Haeundae-gu,background,2023-05-13,14.5,16.7,2.2,75.3
BS07,Saha-gu,industrial,2023-09-21,52.8,38.1,1.9,77.7
BS01,Jung-gu,roadside,2023-08-19,24.1,19.2,3.9,67.2
BS02,Seo-gu,industrial,2023-05-19,47.2,37.0,0.7,62.0
BS04,Yeongdo-gu,background,2023-02-24,15.5,38.5,3.5,49.2
BS07,Saha-gu,industrial,2023-05-25,23.4,35.2,3.6,65.2
BS04,Yeongdo-gu,background,2023-10-07,19.9,15.2,1.3,55.0
BS05,Busanjin-gu,roadside,2023-12-24,70.5,,0.9,20.0
BS03,Dong-gu,roadside,2023-10-02,46.1,25.1,1.2,60.8
BS03,Dong-gu,roadside,2023-04-17,,31.3,9.5,44.6
BS05,Busanjin-gu,roadside,2023-01-08,54.3,52.4,1.1,42.0
BS02,Seo-gu,industrial,2023-01-10,56.3,56.1,3.2,40.8
BS04,Yeongdo-gu,background,2023-04-05,7.2,22.9,14.5,53.1
BS06,Haeundae-gu,background,2023-08-31,5.9,11.3,4.3,65.3
BS07,Saha-gu,industrial,2023-04-16,19.0,43.1,7.2,53.2
BS05,Busanjin-gu,roadside,2023-09-15,7.2,27.3,9.7,80.4
BS06,Haeundae-gu,background,2023-07-04,14.8,13.6,0.9,90.3
BS03,Dong-gu,roadside,2023-01-22,35.9,40.7,2.7,30.9
BS01,Jung-gu,roadside,2023-04-10,46.3,,2.6,60.7
BS05,Busanjin-gu,roadside,2023-07-02,4.9,32.9,6.7,77.1
BS03,Dong-gu,roadside,2023-05-17,15.3,23.5,4.9,62.5
BS03,Dong-gu,roadside,2023-06-30,17.6,16.8,1.4,67.7
BS04,Yeongdo-gu,background,2023-08-11,7.9,10.9,1.9,73.7
BS02,Seo-gu,industrial,2023-06-14,61.9,20.3,0.3,85.2
BS02,Seo-gu,industrial,2023-09-29,65.6,39.4,0.5,63.3
BS01,Jung-gu,roadside,2023-07-05,22.7,20.5,2.8,74.1
BS04,Yeongdo-gu,background,2023-02-03,30.2,23.6,1.1,37.6
BS05,Busanjin-gu,roadside,2023-07-30,33.7,22.1,0.3,88.5
BS03,Dong-gu,roadside,2023-07-21,23.8,17.6,1.7,76.9
BS04,Yeongdo-gu,background,2023-08-07,8.0,9.0,2.3,65.4
BS07,Saha-gu,industrial,2023-02-27,101.5,54.1,1.2,40.8
BS08,Geumjeong-gu,background,2023-05-10,28.3,14.8,0.8,80.9
BS06,Haeundae-gu,background,2023-03-19,39.4,22.5,2.4,57.2
BS02,Seo-gu,industrial,2023-08-31,19.3,25.7,4.8,80.2
BS06,Haeundae-gu,background,2023-12-23,16.6,27.6,5.5,31.1
BS01,Jung-gu,roadside,2023-06-01,24.5,28.1,0.4,69.4
BS04,Yeongdo-gu,background,2023-05-08,21.9,13.3,3.6,64.0
BS06,Haeundae-gu,background,2023-10-01,12.8,13.5,3.0,69.6
BS03,Dong-gu,roadside,2023-01-02,73.7,32.6,0.8,32.6
BS04,Yeongdo-gu,background,2023-06-27,21.7,,1.3,71.8
BS05,Busanjin-gu,roadside,2023-05-28,24.3,19.1,2.3,83.6
BS08,Geumjeong-gu,background,2023-05-02,21.0,20.3,2.2,69.0
BS01,Jung-gu,roadside,2023-01-24,43.0,54.8,4.3,21.2
BS05,Busanjin-gu,roadside,2023-05-04,26.6,41.5,2.5,57.0
BS01,Jung-gu,roadside,2023-06-08,26.6,25.4,1.9,70.1
BS03,Dong-gu,roadside,2023-05-12,26.0,25.6,2.6,44.6
BS03,Dong-gu,roadside,2023-06-22,16.0,19.0,2.4,65.4
BS04,Yeongdo-gu,background,2023-09-23,27.4,14.3,2.8,73.2
BS07,Saha-gu,industrial,2023-01-17,58.1,49.9,0.6,20.0
BS02,Seo-gu,industrial,2023-03-21,42.6,34.9,3.0,46.0
BS08,Geumjeong-gu,background,2023-11-23,29.0,29.1,2.2,
BS06,Haeundae-gu,background,2023-05-20,11.3,14.3,2.9,68.9
BS03,Dong-gu,roadside,2023-07-13,22.5,16.5,0.8,82.7
BS08,Geumjeong-gu,background,2023-12-25,48.6,26.0,0.6,35.0
BS06,Haeundae-gu,background,2023-08-23,3.7,7.7,5.5,71.3
BS01,Jung-gu,roadside,2023-11-08,19.4,,8.1,59.8
BS02,Seo-gu,industrial,2023-07-03,23.1,21.7,1.4,79.6
BS07,Saha-gu,industrial,2023-06-08,17.6,36.0,4.9,68.2
BS05,Busanjin-gu,roadside,2023-10-11,34.1,34.2,2.7,60.0
BS01,Jung-gu,roadside,2023-11-03,76.1,46.8,0.8,50.2
BS01,Jung-gu,roadside,2023-10-15,17.1,45.4,6.3,64.4
BS02,Seo-gu,industrial,2023-11-26,53.1,60.8,1.0,33.5
BS01,Jung-gu,roadside,2023-11-05,22.1,40.7,7.6,42.7
BS07,Saha-gu,industrial,2023-03-24,72.7,57.0,2.9,54.7
BS03,Dong-gu,roadside,2023-01-20,51.8,64.1,2.5,20.0
BS04,Yeongdo-gu,background,2023-03-26,29.1,32.9,3.1,47.8
BS03,Dong-gu,roadside,2023-06-28,30.4,20.9,0.1,95.3
BS05,Busanjin-gu,roadside,2023-11-26,70.9,37.3,0.9,35.0
BS07,Saha-gu,industrial,2023-05-23,29.6,47.3,1.9,79.7
BS04,Yeongdo-gu,background,2023-05-06,17.7,20.1,2.4,43.8
BS07,Saha-gu,industrial,2023-10-03,50.8,52.7,4.4,62.6
BS03,Dong-gu,roadside,2023-08-29,13.7,21.6,4.0,59.8
BS01,Jung-gu,roadside,2023-01-14,27.4,54.3,4.9,36.4
BS03,Dong-gu,roadside,2023-05-24,32.0,24.5,0.9,65.2
BS03,Dong-gu,roadside,2023-03-20,33.9,,1.8,52.3
BS07,Saha-gu,industrial,2023-12-03,151.8,75.9,0.5,30.4
BS02,Seo-gu,industrial,2023-05-30,24.0,38.9,4.0,61.9
BS07,Saha-gu,industrial,2023-06-24,32.2,24.3,1.6,81.8
BS02,Seo-gu,industrial,2023-02-14,37.9,,5.4,32.5
BS05,Busanjin-gu,roadside,2023-03-14,28.3,86.2,3.7,45.1
BS07,Saha-gu,industrial,2023-01-23,106.4,51.8,1.8,30.7
BS04,Yeongdo-gu,background,2023-05-30,7.0,11.1,9.5,74.1
BS06,Haeundae-gu,background,2023-07-10,7.5,10.7,3.7,71.2
BS08,Geumjeong-gu,background,2023-11-04,34.1,24.2,2.8,44.3
BS04,Yeongdo-gu,background,2023-09-12,,10.1,2.1,77.5
BS02,Seo-gu,industrial,2023-01-18,51.0,65.5,4.1,31.9
BS05,Busanjin-gu,roadside,2023-02-08,30.2,70.6,5.2,34.3
BS07,Saha-gu,industrial,2023-09-10,13.2,36.8,13.1,68.7
BS04,Yeongdo-gu,background,2023-06-16,10.7,12.2,4.1,76.0
BS04,Yeongdo-gu,background,2023-07-13,,12.7,1.5,80.4
BS02,Seo-gu,industrial,2023-07-07,,18.4,3.9,84.2
BS01,Jung-gu,roadside,2023-08-11,19.2,24.1,2.4,81.2
BS04,Yeongdo-gu,background,2023-01-02,53.5,29.7,0.8,
BS07,Saha-gu,industrial,2023-12-23,84.3,67.3,1.4,20.8
BS01,Jung-gu,roadside,2023-01-09,63.5,51.8,0.6,24.3
BS04,Yeongdo-gu,background,2023-11-07,29.5,24.2,2.2,35.5
BS01,Jung-gu,roadside,2023-11-13,62.4,51.7,2.1,35.1
BS02,Seo-gu,industrial,2023-03-04,52.0,51.5,2.0,44.4
BS04,Yeongdo-gu,background,2023-06-23,18.6,15.0,1.2,66.6
BS01,Jung-gu,roadside,2023-04-16,39.4,39.1,1.9,53.6
BS05,Busanjin-gu,roadside,2023-07-04,13.0,16.7,5.4,86.0
BS06,Haeundae-gu,background,2023-08-01,16.9,8.1,0.9,74.1
BS01,Jung-gu,roadside,2023-05-02,46.2,35.8,1.8,70.0
BS07,Saha-gu,industrial,2023-05-14,40.7,48.8,2.0,71.4
BS08,Geumjeong-gu,background,2023-09-12,9.9,17.8,2.6,55.8
BS05,Busanjin-gu,roadside,2023-12-15,,48.7,3.1,20.0
BS07,Saha-gu,industrial,2023-12-25,69.8,68.8,1.6,32.6
BS08,Geumjeong-gu,background,2023-04-08,32.6,,1.0,57.8
BS01,Jung-gu,roadside,2023-04-26,29.8,35.8,3.6,72.5
BS04,Yeongdo-gu,background,2023-08-30,13.0,10.0,2.2,77.4
BS06,Haeundae-gu,background,2023-04-10,20.9,26.6,3.6,59.6
BS06,Haeundae-gu,background,2023-10-02,14.7,12.8,2.8,59.5
BS08,Geumjeong-gu,background,2023-07-08,8.9,10.9,4.5,70.9
BS08,Geumjeong-gu,background,2023-12-03,24.4,35.3,3.5,31.4
BS08,Geumjeong-gu,background,2023-10-12,13.5,19.3,0.8,72.4
BS05,Busanjin-gu,roadside,2023-09-08,15.5,44.1,4.6,67.0
BS02,Seo-gu,industrial,2023-11-04,24.0,71.4,8.5,32.9
BS04,Yeongdo-gu,background,2023-09-24,14.5,13.1,1.4,
BS05,Busanjin-gu,roadside,2023-09-23,27.1,30.2,2.3,69.9
BS02,Seo-gu,industrial,2023-08-15,26.0,23.7,2.1,79.7
BS04,Yeongdo-gu,background,2023-12-14,,36.2,1.4,54.7
BS03,Dong-gu,roadside,2023-06-08,19.9,15.1,0.8,58.9
BS06,Haeundae-gu,background,2023-11-08,7.7,19.0,8.3,43.5
BS04,Yeongdo-gu,background,2023-07-24,7.1,12.0,4.0,71.5
BS05,Busanjin-gu,roadside,2023-11-02,35.7,28.7,1.0,44.9
BS01,Jung-gu,roadside,2023-08-02,22.1,21.7,2.7,74.8
BS06,Haeundae-gu,background,2023-03-27,12.0,,5.6,51.4
BS08,Geumjeong-gu,background,2023-07-05,,13.6,4.3,93.3
BS03,Dong-gu,roadside,2023-03-12,32.2,45.3,1.3,39.7
BS07,Saha-gu,industrial,2023-08-29,42.9,25.9,0.3,78.7
BS04,Yeongdo-gu,background,2023-12-20,31.5,28.9,1.2,30.0
BS08,Geumjeong-gu,background,2023-10-25,24.8,32.9,2.4,56.5
BS08,Geumjeong-gu,background,2023-02-24,30.2,26.8,4.6,29.1
BS08,Geumjeong-gu,background,2023-04-14,15.1,19.1,5.8,46.5
BS01,Jung-gu,roadside,2023-10-01,13.4,35.1,11.0,58.3
BS01,Jung-gu,roadside,2023-03-13,59.5,35.6,0.6,36.3
BS08,Geumjeong-gu,background,2023-04-12,21.8,23.7,3.9,43.6
BS03,Dong-gu,roadside,2023-12-24,66.8,42.7,2.4,43.2
BS02,Seo-gu,industrial,2023-01-30,83.5,64.7,1.7,30.1
BS02,Seo-gu,industrial,2023-08-07,37.9,28.3,0.3,68.6
BS07,Saha-gu,industrial,2023-02-05,92.7,101.6,2.9,48.3
BS06,Haeundae-gu,background,2023-03-02,23.0,32.7,4.2,39.4
BS02,Seo-gu,industrial,2023-05-16,44.0,36.5,1.2,57.4
BS06,Haeundae-gu,background,2023-09-23,10.0,13.4,3.8,63.1
BS06,Haeundae-gu,background,2023-12-18,28.6,29.6,0.5,22.8
BS03,Dong-gu,roadside,2023-01-18,31.1,33.1,3.7,31.6
BS08,Geumjeong-gu,background,2023-05-13,12.2,30.8,2.9,69.7
BS04,Yeongdo-gu,background,2023-10-31,60.1,17.3,0.4,44.7
BS05,Busanjin-gu,roadside,2023-07-19,30.1,17.1,1.3,81.5
BS01,Jung-gu,roadside,2023-07-25,10.7,,4.6,72.6
BS03,Dong-gu,roadside,2023-01-04,77.8,40.7,0.5,33.8
BS07,Saha-gu,industrial,2023-07-22,35.6,32.9,1.5,72.3
BS02,Seo-gu,industrial,2023-06-11,15.6,29.1,7.6,70.2
BS04,Yeongdo-gu,background,2023-08-01,15.8,11.8,0.6,75.2
BS03,Dong-gu,roadside,2023-06-18,17.8,23.7,1.5,84.6
BS02,Seo-gu,industrial,2023-01-13,75.3,57.3,0.7,20.0
BS07,Saha-gu,industrial,2023-08-30,30.9,40.0,2.3,85.4
BS08,Geumjeong-gu,background,2023-03-16,30.6,40.2,1.3,50.3
BS04,Yeongdo-gu,background,2023-10-06,23.2,14.0,1.2,52.6
BS02,Seo-gu,industrial,2023-01-22,69.4,92.9,0.8,37.6
BS01,Jung-gu,roadside,2023-07-18,,24.1,4.2,85.1
BS03,Dong-gu,roadside,2023-11-17,48.1,39.7,2.2,37.9
BS02,Seo-gu,industrial,2023-08-14,,27.5,3.5,86.5
BS02,Seo-gu,industrial,2023-06-04,25.9,35.1,3.2,68.5
BS06,Haeundae-gu,background,2023-04-24,10.6,,4.9,61.9
BS02,Seo-gu,industrial,2023-03-06,59.1,62.9,2.3,38.7
BS03,Dong-gu,roadside,2023-12-20,,48.1,1.8,20.0
BS01,Jung-gu,roadside,2023-07-27,15.1,30.3,4.0,75.5
BS02,Seo-gu,industrial,2023-05-07,,26.6,3.4,74.3
BS08,Geumjeong-gu,background,2023-10-28,18.0,15.0,3.1,31.2
BS03,Dong-gu,roadside,2023-03-04,40.7,33.0,1.8,40.7
BS06,Haeundae-gu,background,2023-04-07,15.2,19.4,4.7,53.0
BS04,Yeongdo-gu,background,2023-04-02,26.2,16.5,0.2,47.7
BS04,Yeongdo-gu,background,2023-04-01,24.5,,0.5,46.2
BS05,Busanjin-gu,roadside,2023-08-06,24.9,22.7,2.8,77.9
BS07,Saha-gu,industrial,2023-07-19,26.6,29.1,1.6,91.4
BS01,Jung-gu,roadside,2023-03-25,64.9,32.3,1.5,48.3
BS07,Saha-gu,industrial,2023-05-12,49.8,36.1,3.0,62.7
BS06,Haeundae-gu,background,2023-12-21,35.5,23.4,1.0,25.1
BS01,Jung-gu,roadside,2023-01-21,49.7,46.9,2.2,33.4
BS05,Busanjin-gu,roadside,2023-12-02,14.0,56.0,7.3,25.4
BS05,Busanjin-gu,roadside,2023-01-27,17.8,53.2,8.3,26.8
BS06,Haeundae-gu,background,2023-01-22,50.6,29.1,0.3,21.6
BS08,Geumjeong-gu,background,2023-10-11,21.5,21.0,1.8,57.1
BS06,Haeundae-gu,background,2023-01-21,24.5,25.3,3.4,35.8
BS03,Dong-gu,roadside,2023-09-01,31.0,27.5,1.4,66.0
BS08,Geumjeong-gu,background,2023-06-30,,11.7,2.8,84.0
BS03,Dong-gu,roadside,2023-06-03,6.4,22.2,9.6,74.3
BS04,Yeongdo-gu,background,2023-01-04,39.8,26.5,2.7,36.4
BS06,Haeundae-gu,background,2023-06-30,9.2,9.8,2.4,77.4
BS07,Saha-gu,industrial,2023-02-08,97.1,75.9,2.0,30.3
BS03,Dong-gu,roadside,2023-06-06,29.1,18.0,0.8,74.1
BS05,Busanjin-gu,roadside,2023-02-27,34.9,,6.5,30.6
BS07,Saha-gu,industrial,2023-08-27,35.6,33.3,2.6,80.0
BS04,Yeongdo-gu,background,2023-11-27,14.6,28.5,5.0,35.5
BS07,Saha-gu,industrial,2023-10-22,37.0,38.4,3.8,62.1
BS05,Busanjin-gu,roadside,2023-08-01,28.1,20.7,0.4,78.3
BS08,Geumjeong-gu,background,2023-02-11,33.6,42.6,1.4,33.4
BS02,Seo-gu,industrial,2023-04-04,27.2,40.6,4.5,42.7
BS05,Busanjin-gu,roadside,2023-12-08,49.6,54.3,2.3,20.0
BS01,Jung-gu,roadside,2023-03-20,41.7,34.2,4.3,27.3
BS08,Geumjeong-gu,background,2023-10-30,41.5,24.3,0.2,57.7
BS03,Dong-gu,roadside,2023-11-23,31.7,35.4,0.7,52.8
BS03,Dong-gu,roadside,2023-06-26,17.5,28.1,1.6,78.9
BS05,Busanjin-gu,roadside,2023-02-01,32.8,50.7,5.0,29.4
BS06,Haeundae-gu,background,2023-12-09,24.8,17.9,2.8,26.6
BS08,Geumjeong-gu,background,2023-03-30,21.0,23.0,3.0,44.5
BS02,Seo-gu,industrial,2023-01-16,41.1,56.5,2.1,22.1
BS06,Haeundae-gu,background,2023-06-04,19.1,10.4,1.2,75.9
BS07,Saha-gu,industrial,2023-10-25,73.0,61.2,0.9,60.0
BS06,Haeundae-gu,background,2023-05-10,5.5,15.0,6.4,51.6
BS02,Seo-gu,industrial,2023-12-17,57.7,58.1,1.8,28.4
BS08,Geumjeong-gu,background,2023-04-05,18.0,25.9,3.3,41.8
BS02,Seo-gu,industrial,2023-11-18,35.6,65.0,6.5,57.6
BS07,Saha-gu,industrial,2023-11-20,58.2,54.2,4.3,42.4
BS01,Jung-gu,roadside,2023-11-02,27.3,35.7,5.9,43.7
BS01,Jung-gu,roadside,2023-07-29,15.2,24.5,3.3,74.6
BS08,Geumjeong-gu,background,2023-07-14,4.3,13.4,10.5,84.2
BS06,Haeundae-gu,background,2023-12-16,14.6,24.7,3.0,32.3
BS08,Geumjeong-gu,background,2023-12-30,17.5,33.8,2.2,26.2
BS05,Busanjin-gu,roadside,2023-01-06,60.9,44.4,0.3,35.1
BS03,Dong-gu,roadside,2023-06-05,35.0,20.7,1.1,71.3
BS05,Busanjin-gu,roadside,2023-04-08,21.0,39.7,3.5,59.9
BS03,Dong-gu,roadside,2023-07-07,22.5,18.6,0.2,77.1
BS05,Busanjin-gu,roadside,2023-05-08,18.1,31.9,2.9,78.1
BS05,Busanjin-gu,roadside,2023-05-03,10.5,30.0,6.6,53.9
BS01,Jung-gu,roadside,2023-07-11,,26.6,0.6,82.9
BS07,Saha-gu,industrial,2023-11-30,61.8,80.1,3.1,34.1
BS04,Yeongdo-gu,background,2023-06-20,11.6,14.0,1.1,81.3
BS02,Seo-gu,industrial,2023-04-29,43.2,36.3,0.9,69.5
BS03,Dong-gu,roadside,2023-07-05,16.5,25.9,2.3,74.6
BS07,Saha-gu,industrial,2023-12-24,31.0,55.8,6.7,24.1
BS01,Jung-gu,roadside,2023-10-05,29.8,37.9,1.4,58.5
BS03,Dong-gu,roadside,2023-09-16,19.3,32.2,1.4,72.5
BS06,Haeundae-gu,background,2023-01-20,20.7,22.2,4.6,28.4
BS05,Busanjin-gu,roadside,2023-12-10,32.1,36.9,4.0,37.4
BS06,Haeundae-gu,background,2023-10-18,16.7,15.0,1.2,60.5
BS02,Seo-gu,industrial,2023-07-26,29.4,26.4,3.2,85.9
BS03,Dong-gu,roadside,2023-09-21,37.5,25.9,1.9,74.1
BS04,Yeongdo-gu,background,2023-08-28,15.2,15.3,0.9,68.2
BS08,Geumjeong-gu,background,2023-08-06,21.0,13.2,0.3,85.7
BS02,Seo-gu,industrial,2023-08-09,28.9,31.9,1.9,73.5
BS06,Haeundae-gu,background,2023-12-01,37.8,28.7,0.8,46.7
BS08,Geumjeong-gu,background,2023-07-11,14.6,10.4,3.0,74.0
BS06,Haeundae-gu,background,2023-04-15,20.8,18.5,0.5,60.8
BS02,Seo-gu,industrial,2023-11-06,64.7,76.4,3.0,50.6
BS05,Busanjin-gu,roadside,2023-06-02,24.3,20.6,2.4,66.1
BS03,Dong-gu,roadside,2023-05-06,39.9,,1.4,55.2
BS02,Seo-gu,industrial,2023-03-24,16.0,,7.3,50.2
BS04,Yeongdo-gu,background,2023-09-13,12.8,12.3,3.8,71.5
BS05,Busanjin-gu,roadside,2023-05-09,16.8,34.0,4.7,70.3
BS08,Geumjeong-gu,background,2023-11-28,37.1,22.0,0.8,42.4
BS07,Saha-gu,industrial,2023-01-22,64.4,67.0,1.6,20.0
BS08,Geumjeong-gu,background,2023-03-09,65.9,32.8,2.0,47.2
BS07,Saha-gu,industrial,2023-05-28,29.6,32.8,1.2,78.3
BS07,Saha-gu,industrial,2023-08-24,39.6,25.8,2.1,85.1
BS08,Geumjeong-gu,background,2023-03-05,9.0,27.8,5.5,38.1
BS04,Yeongdo-gu,background,2023-06-02,15.6,11.8,1.4,58.2
BS01,Jung-gu,roadside,2023-10-22,48.2,61.4,1.4,59.1
BS02,Seo-gu,industrial,2023-08-12,30.2,,3.4,72.4
BS04,Yeongdo-gu,background,2023-07-06,8.0,7.7,1.6,76.7
BS08,Geumjeong-gu,background,2023-05-20,15.2,13.3,2.2,72.6
BS05,Busanjin-gu,roadside,2023-10-05,41.8,29.3,0.8,58.4
BS04,Yeongdo-gu,background,2023-09-19,12.5,19.0,4.1,76.7
BS08,Geumjeong-gu,background,2023-03-07,20.3,25.5,2.2,43.6
BS02,Seo-gu,industrial,2023-03-02,-12.5,50.2,5.4,32.9
BS02,Seo-gu,industrial,2023-06-19,15.7,40.5,4.9,79.8
BS03,Dong-gu,roadside,2023-11-21,18.1,57.3,9.0,40.5
BS05,Busanjin-gu,roadside,2023-11-13,49.3,45.8,2.0,41.6
BS08,Geumjeong-gu,background,2023-12-01,30.9,28.6,0.7,
BS08,Geumjeong-gu,background,2023-08-04,7.2,10.5,5.0,75.2
BS01,Jung-gu,roadside,2023-05-13,31.4,37.7,1.5,58.6
BS05,Busanjin-gu,roadside,2023-10-18,27.6,38.7,2.3,46.3
BS05,Busanjin-gu,roadside,2023-10-06,26.5,,4.5,65.9
BS08,Geumjeong-gu,background,2023-12-02,26.9,19.7,1.5,33.7
BS08,Geumjeong-gu,background,2023-02-20,31.3,29.3,1.0,22.1
BS08,Geumjeong-gu,background,2023-06-15,16.8,11.6,1.0,68.7
BS05,Busanjin-gu,roadside,2023-05-11,23.4,25.3,2.1,37.1
BS02,Seo-gu,industrial,2023-07-11,19.0,22.6,4.0,86.0
BS06,Haeundae-gu,background,2023-05-01,14.9,15.3,2.4,58.7
BS06,Haeundae-gu,background,2023-10-09,23.3,19.3,1.5,80.6
BS08,Geumjeong-gu,background,2023-03-13,52.6,31.6,0.5,38.4
BS02,Seo-gu,industrial,2023-07-25,23.2,24.2,2.4,76.0
BS01,Jung-gu,roadside,2023-12-19,41.6,67.6,1.7,34.0
BS01,Jung-gu,roadside,2023-04-02,50.6,58.4,0.7,49.4
BS06,Haeundae-gu,background,2023-09-12,13.5,15.2,3.0,78.1
BS07,Saha-gu,industrial,2023-10-21,,39.9,10.9,44.9
BS04,Yeongdo-gu,background,2023-03-17,28.3,29.1,1.2,36.7
BS04,Yeongdo-gu,background,2023-11-20,,18.9,4.8,26.1
BS04,Yeongdo-gu,background,2023-07-10,17.7,10.5,1.7,56.8
BS05,Busanjin-gu,roadside,2023-06-11,27.3,25.8,2.0,67.8
BS04,Yeongdo-gu,background,2023-10-30,18.8,22.7,3.1,54.2
BS04,Yeongdo-gu,background,2023-10-10,11.5,17.0,3.9,71.3
BS04,Yeongdo-gu,background,2023-11-08,13.0,26.3,4.6,47.3
BS02,Seo-gu,industrial,2023-11-29,19.1,51.2,8.5,38.7
BS07,Saha-gu,industrial,2023-09-24,15.5,35.2,9.3,61.6
BS01,Jung-gu,roadside,2023-12-15,15.9,46.7,5.9,33.0
BS05,Busanjin-gu,roadside,2023-01-29,55.7,45.0,3.4,33.4
BS07,Saha-gu,industrial,2023-04-19,43.2,37.8,1.4,64.6
BS07,Saha-gu,industrial,2023-07-12,15.9,19.3,4.9,91.1
BS06,Haeundae-gu,background,2023-10-27,15.7,21.9,2.7,52.7
BS04,Yeongdo-gu,background,2023-02-12,29.9,27.3,3.4,44.4
BS05,Busanjin-gu,roadside,2023-09-09,11.8,,7.5,69.1
BS05,Busanjin-gu,roadside,2023-01-18,40.1,47.4,2.4,34.7
BS08,Geumjeong-gu,background,2023-08-16,9.2,,3.8,76.6
BS08,Geumjeong-gu,background,2023-07-31,12.8,13.4,0.3,73.1
BS04,Yeongdo-gu,background,2023-09-02,34.8,14.0,0.9,63.3
BS07,Saha-gu,industrial,2023-09-08,45.4,46.5,1.6,60.7
BS02,Seo-gu,industrial,2023-03-30,54.6,76.3,2.5,55.0
BS03,Dong-gu,roadside,2023-07-03,11.2,19.9,6.1,90.0
BS04,Yeongdo-gu,background,2023-04-15,,13.7,8.1,53.0
BS04,Yeongdo-gu,background,2023-06-29,10.8,9.0,2.7,66.5
BS05,Busanjin-gu,roadside,2023-11-15,64.9,39.1,2.2,29.1
BS01,Jung-gu,roadside,2023-02-07,39.6,65.4,2.6,31.1
BS03,Dong-gu,roadside,2023-09-02,15.5,20.1,2.3,73.6
BS08,Geumjeong-gu,background,2023-06-12,,13.3,8.7,88.7
BS03,Dong-gu,roadside,2023-09-11,29.4,23.3,0.9,71.4
BS06,Haeundae-gu,background,2023-06-03,13.6,18.0,0.6,79.6
BS06,Haeundae-gu,background,2023-02-12,19.2,23.1,5.2,22.1
BS07,Saha-gu,industrial,2023-12-08,58.3,63.4,5.0,36.3
BS01,Jung-gu,roadside,2023-02-09,476.8,62.5,5.1,29.8
BS05,Busanjin-gu,roadside,2023-08-29,9.1,34.1,6.4,
BS01,Jung-gu,roadside,2023-06-19,13.7,20.5,6.3,84.9
BS04,Yeongdo-gu,background,2023-09-18,14.5,17.2,1.4,65.1
BS03,Dong-gu,roadside,2023-01-08,26.5,45.7,4.5,47.1
BS08,Geumjeong-gu,background,2023-11-26,35.9,27.0,1.2,41.4
BS08,Geumjeong-gu,background,2023-04-02,20.6,31.2,3.7,50.9
BS08,Geumjeong-gu,background,2023-12-20,24.2,35.7,3.4,31.6
BS02,Seo-gu,industrial,2023-09-27,62.5,37.3,1.4,64.9
BS08,Geumjeong-gu,background,2023-02-10,32.6,26.5,1.2,29.1
BS07,Saha-gu,industrial,2023-07-10,23.6,22.1,1.2,82.6
BS04,Yeongdo-gu,background,2023-07-15,8.1,11.5,3.7,85.1
BS04,Yeongdo-gu,background,2023-10-13,14.2,19.7,4.5,50.5
BS02,Seo-gu,industrial,2023-08-03,27.3,28.8,0.4,80.6
BS01,Jung-gu,roadside,2023-11-25,35.8,61.8,1.3,32.1
BS05,Busanjin-gu,roadside,2023-04-17,25.7,28.5,2.8,53.1
BS03,Dong-gu,roadside,2023-06-12,13.2,17.0,4.1,64.2
BS05,Busanjin-gu,roadside,2023-10-30,25.6,46.7,4.0,48.3
BS03,Dong-gu,roadside,2023-02-20,33.0,51.5,3.0,35.2
BS01,Jung-gu,roadside,2023-06-09,40.8,28.0,1.6,66.6
BS08,Geumjeong-gu,background,2023-03-15,49.6,20.9,0.4,44.8
BS05,Busanjin-gu,roadside,2023-04-28,13.3,27.9,1.8,69.4
BS07,Saha-gu,industrial,2023-03-28,73.0,77.3,0.9,51.9
BS01,Jung-gu,roadside,2023-03-03,66.9,45.4,1.5,35.4
BS03,Dong-gu,roadside,2023-04-30,26.1,28.9,2.4,57.4
BS06,Haeundae-gu,background,2023-09-19,12.6,19.7,3.8,66.9
BS08,Geumjeong-gu,background,2023-10-08,19.8,20.6,0.5,56.2
BS03,Dong-gu,roadside,2023-11-10,33.1,36.5,0.1,30.5
BS07,Saha-gu,industrial,2023-09-14,26.4,33.6,5.7,65.5
BS08,Geumjeong-gu,background,2023-05-31,15.6,18.2,2.0,94.8
BS05,Busanjin-gu,roadside,2023-03-26,35.4,48.7,1.5,35.9
BS03,Dong-gu,roadside,2023-12-07,46.1,77.6,2.2,26.0
BS01,Jung-gu,roadside,2023-02-23,,71.5,0.7,50.6
BS01,Jung-gu,roadside,2023-09-16,28.8,28.4,1.5,58.6
BS02,Seo-gu,industrial,2023-05-21,36.6,42.1,1.9,62.7
BS03,Dong-gu,roadside,2023-01-23,54.7,48.8,1.9,33.3
BS06,Haeundae-gu,background,2023-02-28,23.5,32.5,3.4,38.9
BS06,Haeundae-gu,background,2023-09-06,11.5,14.7,3.7,62.8
BS08,Geumjeong-gu,background,2023-12-27,30.1,34.9,0.3,34.0
BS04,Yeongdo-gu,background,2023-12-18,10.6,27.2,10.5,35.1
BS02,Seo-gu,industrial,2023-01-10,56.2,56.1,3.2,41.3
BS07,Saha-gu,industrial,2023-02-06,92.1,67.1,3.0,26.1
BS04,Yeongdo-gu,background,2023-10-22,21.6,23.4,2.2,61.2
BS04,Yeongdo-gu,background,2023-06-21,8.4,9.2,4.5,71.2
BS07,Saha-gu,industrial,2023-08-15,16.8,39.7,3.6,82.5
BS07,Saha-gu,industrial,2023-02-10,92.5,72.9,2.2,33.1
BS03,Dong-gu,roadside,2023-02-11,53.3,41.6,3.6,29.1
BS08,Geumjeong-gu,background,2023-07-13,21.4,13.2,2.4,73.4
BS05,Busanjin-gu,roadside,2023-08-03,21.7,22.0,0.4,62.8
BS08,Geumjeong-gu,background,2023-03-19,27.6,28.1,3.9,39.2
BS03,Dong-gu,roadside,2023-12-22,32.8,63.1,3.4,24.9
BS02,Seo-gu,industrial,2023-01-29,107.4,59.0,2.4,21.5
BS06,Haeundae-gu,background,2023-11-04,20.5,24.3,1.4,53.6
BS04,Yeongdo-gu,background,2023-08-19,19.0,9.6,2.2,70.5
BS08,Geumjeong-gu,background,2023-05-15,15.3,25.9,1.4,70.0
BS07,Saha-gu,industrial,2023-04-10,19.9,48.1,6.9,44.6
BS06,Haeundae-gu,background,2023-08-27,5.2,16.8,7.8,75.9
BS05,Busanjin-gu,roadside,2023-11-27,35.7,40.5,4.1,50.8
BS05,Busanjin-gu,roadside,2023-05-21,12.3,27.8,6.8,71.6
BS05,Busanjin-gu,roadside,2023-05-22,27.1,19.8,1.9,70.1
BS08,Geumjeong-gu,background,2023-08-17,10.3,13.7,4.3,72.7
BS04,Yeongdo-gu,background,2023-03-10,20.8,19.0,2.3,42.0
BS03,Dong-gu,roadside,2023-08-22,12.8,22.0,4.5,63.3
BS08,Geumjeong-gu,background,2023-10-18,31.8,19.9,2.0,37.2
BS05,Busanjin-gu,roadside,2023-05-05,17.9,30.9,4.8,59.1
BS02,Seo-gu,industrial,2023-02-03,81.8,100.3,4.0,35.5
BS02,Seo-gu,industrial,2023-08-08,24.2,36.9,2.4,87.9
BS03,Dong-gu,roadside,2023-08-07,,25.7,0.5,84.4
BS02,Seo-gu,industrial,2023-12-06,78.8,60.1,1.2,39.2
BS02,Seo-gu,industrial,2023-03-08,76.2,58.7,2.9,41.5
BS01,Jung-gu,roadside,2023-10-20,33.6,45.3,5.0,46.5
BS01,Jung-gu,roadside,2023-05-26,28.0,21.9,3.9,57.9
BS06,Haeundae-gu,background,2023-05-27,,9.6,8.7,81.1
BS08,Geumjeong-gu,background,2023-02-14,49.2,31.3,2.3,42.8
BS04,Yeongdo-gu,background,2023-03-12,33.3,29.8,3.2,37.5
BS04,Yeongdo-gu,background,2023-12-24,33.7,24.8,1.2,37.3
BS01,Jung-gu,roadside,2023-01-03,70.3,37.3,0.4,25.9
BS02,Seo-gu,industrial,2023-07-31,15.0,22.5,5.1,75.2
BS07,Saha-gu,industrial,2023-03-04,63.2,61.8,2.4,37.9
BS01,Jung-gu,roadside,2023-12-06,49.7,57.0,4.3,33.8
BS05,Busanjin-gu,roadside,2023-10-15,29.9,35.6,3.6,45.5
BS08,Geumjeong-gu,background,2023-06-03,23.1,13.4,0.7,81.3
BS03,Dong-gu,roadside,2023-07-15,17.5,12.5,4.2,91.2
BS01,Jung-gu,roadside,2023-09-23,25.6,23.8,2.6,70.2
BS02,Seo-gu,industrial,2023-01-12,39.4,55.6,5.2,30.2
BS05,Busanjin-gu,roadside,2023-11-12,34.5,55.4,3.7,57.3
BS05,Busanjin-gu,roadside,2023-01-04,33.1,49.3,4.9,
BS01,Jung-gu,roadside,2023-09-29,40.3,37.4,1.6,59.6
BS02,Seo-gu,industrial,2023-11-28,53.6,48.8,2.1,23.2
BS08,Geumjeong-gu,background,2023-12-28,18.6,36.3,6.2,22.8
BS01,Jung-gu,roadside,2023-09-02,26.3,,0.4,70.8
BS08,Geumjeong-gu,background,2023-07-24,12.9,11.6,1.5,81.5
BS02,Seo-gu,industrial,2023-04-22,27.0,51.1,3.8,64.4
BS05,Busanjin-gu,roadside,2023-06-04,33.5,21.5,1.2,67.4
BS05,Busanjin-gu,roadside,2023-07-01,9.7,22.9,4.7,78.6
BS06,Haeundae-gu,background,2023-11-09,18.7,19.6,1.0,40.6
BS08,Geumjeong-gu,background,2023-08-18,11.3,15.8,2.1,75.2
BS08,Geumjeong-gu,background,2023-06-25,19.3,10.6,0.5,78.5
BS08,Geumjeong-gu,background,2023-12-08,29.5,33.5,4.6,27.9
BS06,Haeundae-gu,background,2023-01-07,33.3,25.7,2.0,37.9
BS05,Busanjin-gu,roadside,2023-11-17,34.8,43.0,3.9,52.9
BS01,Jung-gu,roadside,2023-09-08,30.5,27.9,1.4,64.3
BS02,Seo-gu,industrial,2023-02-18,61.2,71.5,3.6,37.9
BS02,Seo-gu,industrial,2023-06-30,,27.1,3.5,83.5
BS04,Yeongdo-gu,background,2023-04-09,15.0,21.1,1.5,51.0
BS03,Dong-gu,roadside,2023-01-09,54.3,46.8,3.0,38.7
BS01,Jung-gu,roadside,2023-11-07,32.3,57.1,1.6,65.5
BS05,Busanjin-gu,roadside,2023-05-29,20.0,31.7,4.7,70.6
BS03,Dong-gu,roadside,2023-06-13,23.4,25.4,0.6,73.2
BS04,Yeongdo-gu,background,2023-02-06,,23.8,2.0,
BS04,Yeongdo-gu,background,2023-12-21,27.1,20.8,1.6,28.0
BS08,Geumjeong-gu,background,2023-10-23,33.8,23.5,3.1,49.1
BS01,Jung-gu,roadside,2023-01-16,25.9,67.9,4.7,30.2
BS06,Haeundae-gu,background,2023-06-18,10.3,11.5,1.6,75.6
BS02,Seo-gu,industrial,2023-12-23,19.2,80.2,6.3,20.0
BS04,Yeongdo-gu,background,2023-11-22,46.2,26.3,2.7,43.3
BS08,Geumjeong-gu,background,2023-01-27,21.8,25.1,2.7,28.4
BS03,Dong-gu,roadside,2023-09-09,16.2,35.8,1.3,69.2
BS05,Busanjin-gu,roadside,2023-11-21,84.1,39.2,0.1,36.2
BS07,Saha-gu,industrial,2023-10-18,107.4,54.1,1.6,48.2
BS07,Saha-gu,industrial,2023-07-03,13.3,24.0,6.4,76.2
BS01,Jung-gu,roadside,2023-12-30,58.8,45.8,3.4,38.0
BS08,Geumjeong-gu,background,2023-08-12,11.1,18.2,4.0,80.8
BS01,Jung-gu,roadside,2023-07-02,26.9,27.9,0.9,84.0
BS03,Dong-gu,roadside,2023-09-13,12.4,,1.6,70.9
BS06,Haeundae-gu,background,2023-03-11,15.7,21.4,8.7,30.9
BS04,Yeongdo-gu,background,2023-04-10,17.7,18.7,3.9,52.3
BS08,Geumjeong-gu,background,2023-03-26,,27.9,7.6,46.9
BS05,Busanjin-gu,roadside,2023-05-17,44.7,,1.3,61.2
BS04,Yeongdo-gu,background,2023-01-27,,21.6,1.8,30.7
BS01,Jung-gu,roadside,2023-07-07,15.5,16.1,4.2,91.7
BS02,Seo-gu,industrial,2023-09-12,26.6,33.1,2.7,60.0
BS05,Busanjin-gu,roadside,2023-03-19,34.5,43.4,2.1,48.0
BS04,Yeongdo-gu,background,2023-03-22,32.6,20.6,0.9,46.0
BS08,Geumjeong-gu,background,2023-05-04,26.0,16.0,0.7,62.6
BS06,Haeundae-gu,background,2023-11-25,47.8,25.5,2.5,49.0
BS02,Seo-gu,industrial,2023-09-07,27.0,26.0,4.8,65.7
BS05,Busanjin-gu,roadside,2023-02-23,39.2,49.9,1.8,44.1
BS05,Busanjin-gu,roadside,2023-01-07,26.8,65.9,4.2,40.2
BS02,Seo-gu,industrial,2023-02-06,57.1,101.8,3.1,39.2
BS03,Dong-gu,roadside,2023-09-22,39.8,24.7,4.2,59.1
BS03,Dong-gu,roadside,2023-07-24,12.1,14.0,1.1,68.9
BS02,Seo-gu,industrial,2023-01-07,71.5,62.7,1.7,20.0
BS06,Haeundae-gu,background,2023-01-06,19.7,35.2,0.5,24.6
BS06,Haeundae-gu,background,2023-10-24,18.2,21.7,2.5,49.3
BS02,Seo-gu,industrial,2023-08-17,31.0,23.4,1.1,78.4
BS07,Saha-gu,industrial,2023-08-20,41.1,34.9,2.0,75.9
BS02,Seo-gu,industrial,2023-12-28,61.0,63.5,3.6,26.7
BS03,Dong-gu,roadside,2023-04-07,31.4,35.6,3.6,63.3
BS07,Saha-gu,industrial,2023-12-27,51.0,76.9,4.2,36.5
BS02,Seo-gu,industrial,2023-11-19,39.4,52.3,3.4,61.0
BS06,Haeundae-gu,background,2023-12-10,21.6,21.4,1.4,32.2
BS01,Jung-gu,roadside,2023-05-17,14.9,24.0,3.6,66.0
BS07,Saha-gu,industrial,2023-07-31,13.2,20.4,6.6,91.0
BS02,Seo-gu,industrial,2023-09-21,15.9,39.2,8.5,44.8
BS01,Jung-gu,roadside,2023-12-01,,69.5,3.2,34.7
BS06,Haeundae-gu,background,2023-07-14,9.0,8.3,0.5,69.5
BS07,Saha-gu,industrial,2023-03-13,71.2,52.2,5.1,39.7
BS04,Yeongdo-gu,background,2023-01-15,32.6,27.4,2.2,26.1
BS05,Busanjin-gu,roadside,2023-07-15,37.8,,1.2,76.1
BS08,Geumjeong-gu,background,2023-04-01,15.2,19.6,5.8,51.3
BS02,Seo-gu,industrial,2023-12-12,25.6,66.0,5.6,
BS03,Dong-gu,roadside,2023-11-06,41.8,28.3,1.0,38.8
BS05,Busanjin-gu,roadside,2023-11-30,27.9,38.1,3.8,46.6
BS05,Busanjin-gu,roadside,2023-10-31,37.5,42.2,3.5,57.1
BS06,Haeundae-gu,background,2023-05-28,12.3,,0.8,75.5
BS05,Busanjin-gu,roadside,2023-04-12,32.6,,2.4,64.9
BS08,Geumjeong-gu,background,2023-05-30,7.1,12.5,5.9,75.2
BS07,Saha-gu,industrial,2023-10-08,80.7,47.0,0.4,58.3
BS04,Yeongdo-gu,background,2023-01-18,20.8,23.0,2.0,30.6
BS02,Seo-gu,industrial,2023-04-11,41.7,31.6,4.7,47.7
BS05,Busanjin-gu,roadside,2023-04-11,47.6,29.0,0.7,47.5
BS04,Yeongdo-gu,background,2023-05-09,20.7,16.0,0.5,56.8
BS06,Haeundae-gu,background,2023-02-04,44.1,22.4,1.5,36.4
BS08,Geumjeong-gu,background,2023-12-21,35.0,20.1,1.8,35.9
BS08,Geumjeong-gu,background,2023-08-19,16.7,16.8,1.5,73.9
BS05,Busanjin-gu,roadside,2023-02-18,12.5,58.9,10.8,41.8
BS04,Yeongdo-gu,background,2023-01-10,34.4,,1.6,31.8
BS07,Saha-gu,industrial,2023-04-01,41.7,48.7,4.1,48.2
BS01,Jung-gu,roadside,2023-12-05,34.9,38.3,4.7,30.2
BS06,Haeundae-gu,background,2023-06-05,16.0,12.1,1.0,78.4
BS06,Haeundae-gu,background,2023-01-01,28.4,26.6,3.2,47.7
BS07,Saha-gu,industrial,2023-10-02,25.4,48.1,4.6,55.1
BS08,Geumjeong-gu,background,2023-07-15,13.8,10.9,2.9,73.8
BS06,Haeundae-gu,background,2023-03-28,16.6,17.4,0.8,39.6
BS06,Haeundae-gu,background,2023-11-19,21.6,19.8,2.3,36.1
BS07,Saha-gu,industrial,2023-10-10,52.0,44.1,1.8,51.5
BS03,Dong-gu,roadside,2023-03-28,,49.8,4.6,53.6
BS03,Dong-gu,roadside,2023-12-04,35.9,52.9,2.9,45.4
BS01,Jung-gu,roadside,2023-10-02,,26.1,1.0,57.8
BS08,Geumjeong-gu,background,2023-01-19,39.1,34.5,1.2,31.3
BS03,Dong-gu,roadside,2023-05-16,9.4,25.5,5.4,67.0
BS01,Jung-gu,roadside,2023-04-12,42.8,38.9,1.0,48.6
BS05,Busanjin-gu,roadside,2023-02-11,48.3,42.6,1.4,35.3
BS07,Saha-gu,industrial,2023-06-11,37.3,24.3,0.5,98.0
BS01,Jung-gu,roadside,2023-06-21,23.6,17.2,1.1,62.4
BS01,Jung-gu,roadside,2023-04-18,16.9,43.0,3.3,55.7
BS06,Haeundae-gu,background,2023-12-05,27.6,25.1,1.1,31.5
BS05,Busanjin-gu,roadside,2023-03-03,60.9,46.8,0.4,51.6
BS01,Jung-gu,roadside,2023-11-13,62.6,51.7,2.1,35.7
BS06,Haeundae-gu,background,2023-07-19,10.7,12.3,0.9,82.5
BS06,Haeundae-gu,background,2023-02-06,11.6,32.2,7.0,38.7
BS08,Geumjeong-gu,background,2023-05-26,11.9,16.2,3.5,62.2
BS06,Haeundae-gu,background,2023-02-13,24.1,26.0,2.6,33.6
BS07,Saha-gu,industrial,2023-01-14,46.8,79.7,2.5,20.0
BS07,Saha-gu,industrial,2023-04-13,56.5,50.8,1.5,59.2
BS05,Busanjin-gu,roadside,2023-08-04,20.2,22.5,1.6,
BS01,Jung-gu,roadside,2023-10-23,42.0,57.5,4.2,56.0
BS02,Seo-gu,industrial,2023-12-14,81.7,62.9,3.8,38.0
BS01,Jung-gu,roadside,2023-03-14,28.0,31.4,6.9,41.9
BS06,Haeundae-gu,background,2023-02-03,22.6,30.2,2.3,29.7
BS07,Saha-gu,industrial,2023-02-02,20.7,88.1,5.8,28.8
BS07,Saha-gu,industrial,2023-11-16,73.8,46.2,1.0,59.9
BS08,Geumjeong-gu,background,2023-10-01,16.0,20.9,0.8,65.7
BS02,Seo-gu,industrial,2023-04-27,28.9,45.9,4.6,66.8
BS06,Haeundae-gu,background,2023-12-13,17.7,24.0,2.5,51.8
BS05,Busanjin-gu,roadside,2023-03-12,33.8,50.3,3.5,44.8
BS06,Haeundae-gu,background,2023-04-26,,21.3,1.8,61.1
BS05,Busanjin-gu,roadside,2023-02-24,43.9,38.6,1.3,32.5
BS08,Geumjeong-gu,background,2023-12-15,26.0,25.2,3.1,41.4
BS05,Busanjin-gu,roadside,2023-01-31,82.3,34.7,1.7,32.4
BS04,Yeongdo-gu,background,2023-03-18,25.1,27.5,1.8,45.4
BS07,Saha-gu,industrial,2023-08-02,21.6,26.1,3.9,78.1
BS05,Busanjin-gu,roadside,2023-10-08,30.3,36.1,3.2,62.7
BS06,Haeundae-gu,background,2023-07-05,9.6,11.5,0.7,77.0
BS03,Dong-gu,roadside,2023-02-06,36.7,38.4,2.2,35.4
BS07,Saha-gu,industrial,2023-06-22,35.6,30.3,0.2,77.6
BS02,Seo-gu,industrial,2023-02-10,63.1,50.0,2.5,35.9
BS03,Dong-gu,roadside,2023-01-28,59.9,,2.3,33.5
BS06,Haeundae-gu,background,2023-02-07,12.4,20.4,5.6,30.9
BS06,Haeundae-gu,background,2023-11-12,23.2,16.0,2.2,36.2
BS05,Busanjin-gu,roadside,2023-11-25,17.5,43.2,6.5,50.7
BS01,Jung-gu,roadside,2023-04-08,54.8,35.7,1.3,56.7
BS04,Yeongdo-gu,background,2023-08-27,,11.1,2.6,79.3
BS07,Saha-gu,industrial,2023-06-01,44.1,27.9,1.7,76.3
BS03,Dong-gu,roadside,2023-01-14,65.5,,2.3,
BS03,Dong-gu,roadside,2023-03-18,24.6,32.6,2.4,47.8
BS08,Geumjeong-gu,background,2023-06-11,15.2,17.2,1.4,81.1
BS05,Busanjin-gu,roadside,2023-12-12,,48.4,1.7,36.8
BS08,Geumjeong-gu,background,2023-11-14,32.8,28.6,2.5,55.8
BS05,Busanjin-gu,roadside,2023-03-17,54.0,54.4,2.7,40.9
BS06,Haeundae-gu,background,2023-05-12,9.4,15.2,4.3,60.4
BS06,Haeundae-gu,background,2023-03-30,6.0,17.3,7.4,42.5
BS01,Jung-gu,roadside,2023-05-29,22.1,32.2,2.4,69.3
BS05,Busanjin-gu,roadside,2023-08-17,30.3,15.4,1.0,77.5
BS06,Haeundae-gu,background,2023-05-17,8.2,9.4,5.6,62.2
BS05,Busanjin-gu,roadside,2023-12-18,56.9,51.8,1.9,20.0
BS06,Haeundae-gu,background,2023-05-18,11.7,17.0,3.8,65.1
BS02,Seo-gu,industrial,2023-11-24,35.0,,4.4,30.7
BS03,Dong-gu,roadside,2023-03-30,,31.0,3.3,58.1
BS04,Yeongdo-gu,background,2023-10-19,23.3,20.0,1.6,45.6
BS07,Saha-gu,industrial,2023-02-13,78.7,61.1,1.9,41.4
BS07,Saha-gu,industrial,2023-01-07,109.4,63.3,3.8,32.6
BS05,Busanjin-gu,roadside,2023-05-20,55.6,17.9,0.5,79.8
BS07,Saha-gu,industrial,2023-05-04,32.1,60.2,2.5,57.4
BS07,Saha-gu,industrial,2023-08-07,43.3,25.9,0.8,78.9
BS02,Seo-gu,industrial,2023-12-03,89.4,74.8,1.6,37.1
BS08,Geumjeong-gu,background,2023-05-17,10.2,22.7,6.6,56.0
BS08,Geumjeong-gu,background,2023-02-18,20.1,29.5,4.9,41.4
BS03,Dong-gu,roadside,2023-07-11,14.1,13.1,3.2,67.3
BS04,Yeongdo-gu,background,2023-11-26,42.6,25.9,2.5,46.5
BS03,Dong-gu,roadside,2023-06-25,,19.7,5.1,82.1
BS02,Seo-gu,industrial,2023-03-31,57.3,78.4,0.3,37.3
BS06,Haeundae-gu,background,2023-07-23,5.6,11.0,10.2,71.6
BS07,Saha-gu,industrial,2023-03-08,79.4,58.4,0.8,36.6
BS08,Geumjeong-gu,background,2023-02-07,19.3,28.5,3.7,29.4
BS01,Jung-gu,roadside,2023-06-17,18.5,30.8,2.9,84.1
BS03,Dong-gu,roadside,2023-01-01,41.0,36.4,2.1,47.1
BS06,Haeundae-gu,background,2023-10-17,6.0,19.8,5.9,61.2
BS04,Yeongdo-gu,background,2023-08-04,13.3,10.0,2.8,78.2
BS01,Jung-gu,roadside,2023-01-27,67.1,49.5,0.5,31.2
BS06,Haeundae-gu,background,2023-01-16,32.8,30.8,2.0,22.5
BS05,Busanjin-gu,roadside,2023-07-12,17.1,29.0,3.0,73.2
BS05,Busanjin-gu,roadside,2023-06-12,40.8,16.1,1.7,88.8
BS02,Seo-gu,industrial,2023-08-11,42.7,41.6,2.2,60.6
BS06,Haeundae-gu,background,2023-04-04,30.2,16.1,0.8,47.0
BS03,Dong-gu,roadside,2023-09-25,30.5,29.1,1.2,56.6
BS04,Yeongdo-gu,background,2023-03-23,22.6,21.0,1.0,45.8
BS03,Dong-gu,roadside,2023-11-07,55.3,41.2,1.3,43.9
BS01,Jung-gu,roadside,2023-02-03,71.5,44.8,1.3,22.5
BS08,Geumjeong-gu,background,2023-08-23,10.1,14.4,2.4,86.0
BS07,Saha-gu,industrial,2023-05-11,28.8,42.9,1.7,64.2
BS04,Yeongdo-gu,background,2023-10-12,20.7,18.1,3.3,48.4
BS01,Jung-gu,roadside,2023-02-11,34.5,45.3,5.2,33.4
BS05,Busanjin-gu,roadside,2023-09-04,29.0,32.9,1.0,78.3
BS06,Haeundae-gu,background,2023-11-16,18.3,31.5,1.3,39.9
BS07,Saha-gu,industrial,2023-12-31,73.4,52.0,1.6,29.9
BS06,Haeundae-gu,background,2023-02-22,23.3,19.7,0.5,41.2
BS05,Busanjin-gu,roadside,2023-09-21,30.1,19.6,0.7,76.9
BS02,Seo-gu,industrial,2023-09-02,32.0,38.0,1.7,67.9
BS04,Yeongdo-gu,background,2023-02-07,11.9,26.8,7.0,34.5
BS01,Jung-gu,roadside,2023-01-29,31.6,51.2,4.4,21.0
BS02,Seo-gu,industrial,2023-03-18,72.6,54.6,2.0,59.6
BS06,Haeundae-gu,background,2023-08-21,,12.2,0.8,87.7
BS06,Haeundae-gu,background,2023-10-19,7.6,19.0,5.5,51.5
BS02,Seo-gu,industrial,2023-05-09,14.2,29.8,5.7,69.5
BS04,Yeongdo-gu,background,2023-06-13,,12.6,5.7,77.4
BS04,Yeongdo-gu,background,2023-07-26,14.6,12.9,1.3,72.3
BS08,Geumjeong-gu,background,2023-11-07,18.6,29.5,3.5,40.8
BS04,Yeongdo-gu,background,2023-10-15,20.7,15.7,0.8,53.0
BS04,Yeongdo-gu,background,2023-07-29,8.1,12.9,1.2,86.1
BS01,Jung-gu,roadside,2023-08-25,,27.0,2.1,81.7
BS02,Seo-gu,industrial,2023-07-06,34.9,19.8,1.1,71.6
BS02,Seo-gu,industrial,2023-06-05,40.1,24.3,0.9,97.9
BS06,Haeundae-gu,background,2023-12-12,29.9,25.1,2.5,39.9
BS04,Yeongdo-gu,background,2023-05-18,18.5,14.6,1.4,75.0
BS04,Yeongdo-gu,background,2023-02-13,21.6,20.0,2.2,32.3
BS02,Seo-gu,industrial,2023-12-22,77.4,45.8,2.7,39.7
BS03,Dong-gu,roadside,2023-01-06,18.3,40.9,7.9,20.0
BS08,Geumjeong-gu,background,2023-02-15,19.6,28.5,4.6,36.7
BS01,Jung-gu,roadside,2023-02-28,49.3,44.7,2.6,34.2
BS02,Seo-gu,industrial,2023-09-24,37.6,33.4,3.0,46.1
BS04,Yeongdo-gu,background,2023-03-28,26.0,21.5,0.3,51.9
BS07,Saha-gu,industrial,2023-08-10,25.9,28.4,1.9,71.7
BS02,Seo-gu,industrial,2023-08-16,37.8,30.5,1.0,79.6
BS04,Yeongdo-gu,background,2023-07-28,13.9,9.5,1.5,81.7
BS04,Yeongdo-gu,background,2023-10-20,12.0,16.2,4.3,54.0
BS08,Geumjeong-gu,background,2023-01-09,24.1,25.4,4.8,47.3
BS08,Geumjeong-gu,background,2023-01-24,25.1,25.2,3.6,22.3
BS08,Geumjeong-gu,background,2023-02-12,23.6,40.6,4.6,23.5
BS03,Dong-gu,roadside,2023-07-29,6.9,20.0,6.1,69.2
BS08,Geumjeong-gu,background,2023-12-18,17.9,24.2,4.1,32.4
BS04,Yeongdo-gu,background,2023-06-04,9.3,13.0,3.8,79.9
BS03,Dong-gu,roadside,2023-06-24,19.1,21.5,3.0,75.8
BS04,Yeongdo-gu,background,2023-07-04,9.7,10.3,5.4,82.7
BS07,Saha-gu,industrial,2023-06-14,45.0,23.0,0.9,65.5
BS08,Geumjeong-gu,background,2023-09-25,8.0,18.9,6.3,63.3
BS06,Haeundae-gu,background,2023-09-16,14.8,13.4,1.4,71.0
BS07,Saha-gu,industrial,2023-05-30,22.1,35.9,4.1,79.0
BS07,Saha-gu,industrial,2023-04-28,35.9,53.3,3.6,55.3
BS04,Yeongdo-gu,background,2023-02-17,16.7,37.6,4.6,43.8
BS07,Saha-gu,industrial,2023-05-24,69.9,24.5,0.8,64.3
BS02,Seo-gu,industrial,2023-12-08,56.8,59.8,1.7,40.2
BS08,Geumjeong-gu,background,2023-02-04,,32.9,2.0,31.4
BS03,Dong-gu,roadside,2023-10-20,20.3,42.8,7.3,55.0
BS03,Dong-gu,roadside,2023-01-16,47.2,50.8,1.7,27.1
BS05,Busanjin-gu,roadside,2023-03-28,39.2,38.3,1.8,52.5
BS07,Saha-gu,industrial,2023-04-30,28.1,40.6,2.3,62.6
BS06,Haeundae-gu,background,2023-05-04,,14.4,0.8,56.0
BS02,Seo-gu,industrial,2023-05-29,13.6,38.9,10.4,78.7
BS01,Jung-gu,roadside,2023-03-23,,56.9,1.7,47.8
BS08,Geumjeong-gu,background,2023-02-23,41.5,27.7,0.6,34.2
BS04,Yeongdo-gu,background,2023-08-02,5.0,12.2,6.3,79.7
BS07,Saha-gu,industrial,2023-09-13,28.5,23.1,2.1,69.3
BS03,Dong-gu,roadside,2023-07-04,17.6,21.2,2.3,76.5
BS04,Yeongdo-gu,background,2023-11-06,6.1,24.0,9.3,47.7
BS05,Busanjin-gu,roadside,2023-07-07,12.2,23.4,6.6,75.9
BS08,Geumjeong-gu,background,2023-06-02,7.4,12.6,6.0,73.9
BS04,Yeongdo-gu,background,2023-01-14,,30.0,0.4,25.5
BS01,Jung-gu,roadside,2023-05-31,21.7,20.2,2.7,74.4
BS08,Geumjeong-gu,background,2023-04-29,9.3,23.0,4.6,66.0
BS03,Dong-gu,roadside,2023-02-14,42.5,43.1,1.8,22.8
BS01,Jung-gu,roadside,2023-11-26,64.3,83.7,2.0,39.4
BS01,Jung-gu,roadside,2023-01-07,38.3,44.5,4.5,20.4
BS03,Dong-gu,roadside,2023-08-02,12.6,17.4,4.3,65.0
BS03,Dong-gu,roadside,2023-04-03,21.0,33.6,5.3,51.5
BS03,Dong-gu,roadside,2023-01-05,50.6,49.2,4.1,42.0
BS03,Dong-gu,roadside,2023-06-29,,19.6,3.4,87.9
BS02,Seo-gu,industrial,2023-04-14,62.2,39.0,4.9,53.2
BS01,Jung-gu,roadside,2023-07-01,,21.4,5.6,88.9
BS01,Jung-gu,roadside,2023-06-14,24.2,25.7,2.1,76.2
BS06,Haeundae-gu,background,2023-07-09,4.0,12.6,5.9,69.9
BS02,Seo-gu,industrial,2023-03-28,33.4,49.2,3.5,50.1
BS02,Seo-gu,industrial,2023-05-06,21.1,47.8,8.4,61.0
BS06,Haeundae-gu,background,2023-03-24,20.0,,2.2,40.2
BS04,Yeongdo-gu,background,2023-02-18,,28.9,3.9,39.4
BS04,Yeongdo-gu,background,2023-08-05,9.6,15.7,3.1,73.8
BS07,Saha-gu,industrial,2023-01-06,76.7,89.9,1.4,37.5
BS04,Yeongdo-gu,background,2023-01-17,17.9,29.6,5.9,31.6
BS08,Geumjeong-gu,background,2023-09-02,14.9,11.6,1.6,67.4
BS04,Yeongdo-gu,background,2023-12-13,19.9,20.1,5.5,27.0
BS05,Busanjin-gu,roadside,2023-12-05,25.0,62.4,11.0,22.1
BS06,Haeundae-gu,background,2023-07-27,,12.5,3.1,82.6
BS05,Busanjin-gu,roadside,2023-06-17,21.4,18.6,4.3,86.5
BS05,Busanjin-gu,roadside,2023-06-22,25.4,26.2,0.8,70.0
BS03,Dong-gu,roadside,2023-12-11,39.4,44.0,2.9,30.5
BS06,Haeundae-gu,background,2023-07-15,10.0,10.6,2.8,77.6
BS06,Haeundae-gu,background,2023-08-22,4.4,16.4,8.8,89.5
BS07,Saha-gu,industrial,2023-04-18,50.3,66.6,3.2,61.4
BS07,Saha-gu,industrial,2023-01-27,120.3,89.9,0.2,26.5
BS07,Saha-gu,industrial,2023-03-06,62.2,67.4,1.3,52.2
BS01,Jung-gu,roadside,2023-11-24,43.3,54.5,0.7,58.2
BS02,Seo-gu,industrial,2023-03-19,68.0,67.2,1.3,47.4
BS06,Haeundae-gu,background,2023-10-29,20.9,21.1,2.3,48.8
BS06,Haeundae-gu,background,2023-03-03,26.9,13.5,1.0,43.7
BS03,Dong-gu,roadside,2023-04-13,57.3,35.3,1.2,54.0
BS07,Saha-gu,industrial,2023-09-06,19.9,28.8,4.6,68.0
BS06,Haeundae-gu,background,2023-09-13,14.0,11.0,0.9,71.3
BS04,Yeongdo-gu,background,2023-11-16,22.6,24.2,0.3,29.8
BS04,Yeongdo-gu,background,2023-04-17,9.8,21.7,8.3,38.6
BS05,Busanjin-gu,roadside,2023-02-09,31.1,44.7,5.9,35.1
BS08,Geumjeong-gu,background,2023-10-05,20.8,21.8,3.1,62.0
BS01,Jung-gu,roadside,2023-03-28,21.0,53.9,6.8,50.1
BS04,Yeongdo-gu,background,2023-11-05,21.8,21.9,3.0,49.1
BS08,Geumjeong-gu,background,2023-11-11,17.2,22.9,6.4,36.6
BS05,Busanjin-gu,roadside,2023-01-22,68.6,52.4,0.5,26.5
BS03,Dong-gu,roadside,2023-02-17,64.2,51.9,2.3,30.7
BS06,Haeundae-gu,background,2023-08-08,5.1,10.5,8.3,67.0
BS05,Busanjin-gu,roadside,2023-07-26,18.6,20.7,3.2,74.5
BS01,Jung-gu,roadside,2023-02-24,58.0,44.4,3.5,42.3
BS07,Saha-gu,industrial,2023-05-05,40.7,36.6,3.6,77.0
BS04,Yeongdo-gu,background,2023-07-12,10.3,8.8,1.7,90.2
BS05,Busanjin-gu,roadside,2023-07-27,15.4,15.5,2.7,72.2
BS07,Saha-gu,industrial,2023-12-11,37.3,50.7,5.4,46.9
BS06,Haeundae-gu,background,2023-10-13,19.9,17.8,2.5,65.1
BS05,Busanjin-gu,roadside,2023-08-30,32.0,20.8,1.0,76.9
BS04,Yeongdo-gu,background,2023-05-31,17.8,,2.4,86.1
BS01,Jung-gu,roadside,2023-04-24,18.2,41.6,5.3,65.1
BS08,Geumjeong-gu,background,2023-07-17,12.2,13.3,2.8,79.9
BS03,Dong-gu,roadside,2023-09-15,25.0,23.0,3.3,61.8
BS02,Seo-gu,industrial,2023-05-17,53.4,40.9,0.9,55.6
BS06,Haeundae-gu,background,2023-10-11,21.6,26.5,1.2,54.3
BS03,Dong-gu,roadside,2023-10-07,28.1,25.3,0.7,52.4
BS04,Yeongdo-gu,background,2023-04-14,20.4,21.8,2.3,70.2
BS04,Yeongdo-gu,background,2023-10-27,23.0,25.7,3.2,29.6
BS02,Seo-gu,industrial,2023-08-13,25.1,23.9,1.6,80.0
BS03,Dong-gu,roadside,2023-02-08,28.6,34.7,3.1,20.0
BS01,Jung-gu,roadside,2023-01-18,55.0,69.4,3.0,32.6
BS03,Dong-gu,roadside,2023-11-09,473.6,56.9,2.8,47.5
BS04,Yeongdo-gu,background,2023-12-19,47.2,36.4,0.3,37.6
BS07,Saha-gu,industrial,2023-08-12,14.9,35.7,7.6,72.2
BS01,Jung-gu,roadside,2023-10-13,23.4,34.0,1.2,37.3
BS08,Geumjeong-gu,background,2023-02-01,27.2,27.2,1.2,25.5
BS02,Seo-gu,industrial,2023-03-05,60.7,71.8,1.4,45.7
BS04,Yeongdo-gu,background,2023-08-22,20.0,12.4,1.6,78.9
BS08,Geumjeong-gu,background,2023-12-04,30.1,38.7,1.3,21.2
BS02,Seo-gu,industrial,2023-11-01,22.8,42.7,5.8,45.8
BS01,Jung-gu,roadside,2023-02-01,56.4,69.4,3.0,38.0
BS04,Yeongdo-gu,background,2023-09-04,18.9,11.0,0.6,71.9
BS02,Seo-gu,industrial,2023-12-24,51.3,65.2,3.6,24.1
BS03,Dong-gu,roadside,2023-08-10,19.5,,1.5,75.5
BS07,Saha-gu,industrial,2023-02-25,100.0,85.6,0.3,28.6
BS01,Jung-gu,roadside,2023-08-03,22.2,27.0,2.3,74.8
BS03,Dong-gu,roadside,2023-09-17,27.9,20.7,3.0,74.5
BS04,Yeongdo-gu,background,2023-03-11,9.0,26.4,7.5,40.1
BS08,Geumjeong-gu,background,2023-07-03,15.0,12.4,1.0,76.0
BS06,Haeundae-gu,background,2023-08-30,17.0,12.8,0.8,69.4
BS01,Jung-gu,roadside,2023-11-23,58.9,53.7,0.5,35.0
BS02,Seo-gu,industrial,2023-07-15,29.8,34.3,1.9,92.5
BS04,Yeongdo-gu,background,2023-10-16,9.5,20.0,6.0,64.5
BS05,Busanjin-gu,roadside,2023-09-22,31.3,24.4,2.5,63.1
BS03,Dong-gu,roadside,2023-12-23,29.9,57.6,2.9,38.4
BS07,Saha-gu,industrial,2023-04-04,20.8,50.6,9.5,48.8
BS01,Jung-gu,roadside,2023-12-08,51.3,56.8,1.6,30.6
BS05,Busanjin-gu,roadside,2023-07-13,,18.7,1.9,81.5
BS01,Jung-gu,roadside,2023-05-28,13.1,20.7,7.7,57.9
BS07,Saha-gu,industrial,2023-04-12,22.8,55.1,7.1,52.5
BS08,Geumjeong-gu,background,2023-12-05,50.0,27.6,1.3,28.2
BS04,Yeongdo-gu,background,2023-01-13,32.2,24.1,3.4,27.6
BS03,Dong-gu,roadside,2023-04-29,20.8,27.2,3.9,55.5
BS03,Dong-gu,roadside,2023-08-25,14.5,19.9,2.0,79.0
BS03,Dong-gu,roadside,2023-12-09,32.4,34.8,3.1,24.3
BS07,Saha-gu,industrial,2023-08-13,47.9,26.2,1.6,68.8
BS01,Jung-gu,roadside,2023-06-05,11.0,20.6,5.1,91.0
BS02,Seo-gu,industrial,2023-10-28,31.4,42.2,4.5,45.5
BS02,Seo-gu,industrial,2023-10-24,48.7,37.7,4.7,55.7
BS03,Dong-gu,roadside,2023-09-30,25.2,22.8,4.6,51.6
BS07,Saha-gu,industrial,2023-04-14,25.5,39.5,5.7,68.6
BS07,Saha-gu,industrial,2023-10-04,48.1,43.8,0.6,64.0
BS01,Jung-gu,roadside,2023-06-26,10.1,25.7,5.1,74.3
BS08,Geumjeong-gu,background,2023-02-16,19.9,47.1,5.4,27.3
BS05,Busanjin-gu,roadside,2023-03-06,32.1,62.2,0.8,41.6
BS08,Geumjeong-gu,background,2023-07-28,9.7,13.2,2.8,69.4
BS04,Yeongdo-gu,background,2023-04-19,24.8,21.3,1.3,58.9
BS01,Jung-gu,roadside,2023-01-25,31.1,,6.3,20.0
BS08,Geumjeong-gu,background,2023-07-21,17.9,10.1,1.7,78.5
BS07,Saha-gu,industrial,2023-03-27,46.1,66.9,2.7,43.4
BS06,Haeundae-gu,background,2023-07-13,10.6,10.2,0.9,82.7
BS07,Saha-gu,industrial,2023-03-03,47.5,46.5,3.7,55.6
BS03,Dong-gu,roadside,2023-05-26,13.4,19.3,0.9,70.0
BS08,Geumjeong-gu,background,2023-03-29,34.7,24.4,1.9,46.2
BS03,Dong-gu,roadside,2023-07-28,18.5,14.9,1.8,82.1
BS08,Geumjeong-gu,background,2023-03-31,32.7,19.3,3.3,49.5
BS05,Busanjin-gu,roadside,2023-04-03,34.1,60.7,2.2,63.8
BS01,Jung-gu,roadside,2023-12-13,47.2,48.8,3.2,31.2
BS07,Saha-gu,industrial,2023-09-25,102.0,45.1,0.4,62.9
BS08,Geumjeong-gu,background,2023-12-26,11.0,29.5,4.7,26.4
BS06,Haeundae-gu,background,2023-04-25,15.6,,2.0,55.8
BS02,Seo-gu,industrial,2023-01-21,29.7,75.4,4.5,40.5
BS06,Haeundae-gu,background,2023-01-05,21.6,24.1,1.5,29.1
BS06,Haeundae-gu,background,2023-10-20,17.0,13.3,2.0,58.6
BS07,Saha-gu,industrial,2023-09-26,35.7,50.6,2.9,61.6
BS06,Haeundae-gu,background,2023-11-21,14.5,25.3,4.7,46.4
BS01,Jung-gu,roadside,2023-09-01,31.1,29.3,2.0,75.1
BS06,Haeundae-gu,background,2023-11-20,46.9,25.4,0.1,50.0
BS06,Haeundae-gu,background,2023-01-02,33.4,26.1,2.8,34.4
BS03,Dong-gu,roadside,2023-07-26,16.6,18.8,4.0,79.0
BS05,Busanjin-gu,roadside,2023-08-18,18.7,24.3,1.3,71.8
BS07,Saha-gu,industrial,2023-12-05,25.4,,5.3,31.1
BS01,Jung-gu,roadside,2023-11-09,41.6,50.6,4.3,39.9
BS04,Yeongdo-gu,background,2023-12-31,29.8,32.4,1.8,20.0
BS08,Geumjeong-gu,background,2023-11-10,31.5,22.3,0.6,27.1
BS06,Haeundae-gu,background,2023-08-28,6.6,13.5,6.7,68.8
BS04,Yeongdo-gu,background,2023-08-26,7.1,14.9,4.3,66.6
BS03,Dong-gu,roadside,2023-08-27,10.0,,6.6,71.2
BS04,Yeongdo-gu,background,2023-12-26,29.0,32.2,4.6,37.1
BS02,Seo-gu,industrial,2023-10-23,36.8,44.1,5.6,45.0
BS03,Dong-gu,roadside,2023-07-25,16.2,17.1,3.6,77.3
BS02,Seo-gu,industrial,2023-01-06,67.9,72.6,2.6,43.8
BS02,Seo-gu,industrial,2023-07-21,45.1,22.3,1.9,82.6
BS06,Haeundae-gu,background,2023-01-30,34.7,24.5,2.0,36.3
BS03,Dong-gu,roadside,2023-10-22,15.0,32.6,5.3,34.1
BS03,Dong-gu,roadside,2023-04-05,26.8,37.4,3.2,35.7
BS03,Dong-gu,roadside,2023-09-10,42.4,,0.8,68.5
BS07,Saha-gu,industrial,2023-07-08,23.5,20.1,2.4,92.1
BS08,Geumjeong-gu,background,2023-02-17,19.7,41.4,2.6,38.2
BS05,Busanjin-gu,roadside,2023-07-05,25.2,25.3,1.2,74.4
BS07,Saha-gu,industrial,2023-12-07,69.6,55.6,0.3,36.4
BS08,Geumjeong-gu,background,2023-10-15,15.5,22.3,3.1,38.8
BS06,Haeundae-gu,background,2023-11-29,25.2,28.4,1.7,25.7
BS03,Dong-gu,roadside,2023-03-25,29.0,22.3,2.6,53.9
BS05,Busanjin-gu,roadside,2023-11-29,97.6,55.3,2.0,39.3
BS04,Yeongdo-gu,background,2023-12-02,35.1,20.3,1.5,44.0
BS03,Dong-gu,roadside,2023-02-18,35.4,29.7,2.7,50.9
BS05,Busanjin-gu,roadside,2023-10-17,12.2,41.5,9.7,55.0
BS04,Yeongdo-gu,background,2023-08-14,,11.2,3.5,86.9
BS08,Geumjeong-gu,background,2023-10-21,10.2,16.2,10.8,48.4
BS08,Geumjeong-gu,background,2023-09-17,27.4,,2.0,63.1
BS03,Dong-gu,roadside,2023-11-19,40.0,34.8,2.4,31.1
BS07,Saha-gu,industrial,2023-03-25,73.5,69.7,2.1,42.3
BS03,Dong-gu,roadside,2023-10-11,40.6,34.9,1.3,53.1
BS04,Yeongdo-gu,background,2023-11-03,26.8,22.9,2.1,34.6
BS05,Busanjin-gu,roadside,2023-12-29,55.8,57.2,1.0,24.4
BS08,Geumjeong-gu,background,2023-04-18,20.0,19.9,0.5,68.2
BS07,Saha-gu,industrial,2023-09-11,39.2,52.1,2.7,59.6
BS07,Saha-gu,industrial,2023-12-16,74.5,,3.5,20.0
BS01,Jung-gu,roadside,2023-05-07,36.3,25.9,1.6,50.1
BS06,Haeundae-gu,background,2023-09-28,9.4,16.1,4.0,63.2
BS06,Haeundae-gu,background,2023-09-24,11.1,14.4,7.7,47.9
BS03,Dong-gu,roadside,2023-06-07,30.0,22.0,0.3,82.4
BS07,Saha-gu,industrial,2023-08-06,,37.2,5.3,74.2
BS04,Yeongdo-gu,background,2023-09-10,9.5,18.2,3.8,89.2
BS03,Dong-gu,roadside,2023-10-05,50.3,28.0,2.7,63.9
BS01,Jung-gu,roadside,2023-12-22,51.0,41.2,4.2,37.2
BS03,Dong-gu,roadside,2023-10-01,33.1,38.2,1.2,56.9
BS05,Busanjin-gu,roadside,2023-01-24,46.9,43.6,4.0,20.0
BS02,Seo-gu,industrial,2023-11-14,58.7,67.8,2.7,52.6
BS03,Dong-gu,roadside,2023-04-08,47.0,46.0,2.0,72.1
BS06,Haeundae-gu,background,2023-04-27,10.6,16.5,1.8,58.8
BS06,Haeundae-gu,background,2023-07-07,9.0,10.5,2.7,80.0
BS07,Saha-gu,industrial,2023-05-06,38.5,44.2,3.6,67.9
BS03,Dong-gu,roadside,2023-09-12,24.2,24.3,0.7,73.8
BS04,Yeongdo-gu,background,2023-05-19,7.3,14.8,7.6,61.1
BS07,Saha-gu,industrial,2023-11-08,61.2,59.7,2.0,29.3
BS08,Geumjeong-gu,background,2023-10-16,22.0,21.3,1.0,51.6
BS01,Jung-gu,roadside,2023-05-21,,18.7,0.8,66.9
BS01,Jung-gu,roadside,2023-08-06,21.4,22.8,3.7,68.2
BS07,Saha-gu,industrial,2023-08-14,11.3,25.4,6.1,79.6
BS01,Jung-gu,roadside,2023-12-29,38.3,51.2,4.4,20.0
BS08,Geumjeong-gu,background,2023-02-26,14.0,30.4,7.1,41.7
BS01,Jung-gu,roadside,2023-12-12,22.2,49.5,7.8,35.6
BS06,Haeundae-gu,background,2023-06-08,,10.1,1.8,66.7
BS01,Jung-gu,roadside,2023-01-23,55.3,89.9,2.1,32.7
BS02,Seo-gu,industrial,2023-12-13,56.4,67.8,5.3,21.4
BS04,Yeongdo-gu,background,2023-03-04,27.8,21.8,0.6,46.1
BS06,Haeundae-gu,background,2023-06-29,6.3,7.8,4.9,72.9
BS03,Dong-gu,roadside,2023-05-22,32.8,30.6,0.1,77.1
BS06,Haeundae-gu,background,2023-11-06,14.6,23.6,5.1,43.3
BS08,Geumjeong-gu,background,2023-12-24,37.7,28.3,0.1,34.6
BS01,Jung-gu,roadside,2023-01-11,28.9,62.2,5.1,37.5
BS07,Saha-gu,industrial,2023-06-27,49.1,41.1,0.7,87.2
BS07,Saha-gu,industrial,2023-04-17,51.1,,2.3,59.9
BS08,Geumjeong-gu,background,2023-08-03,,10.5,3.0,80.9
BS06,Haeundae-gu,background,2023-01-10,36.3,36.7,1.4,26.6
BS03,Dong-gu,roadside,2023-03-05,33.3,37.1,5.6,27.1
BS04,Yeongdo-gu,background,2023-08-09,3.4,16.3,7.0,73.1
BS08,Geumjeong-gu,background,2023-06-07,8.4,18.6,4.3,64.7
BS03,Dong-gu,roadside,2023-01-25,34.5,37.0,3.0,32.2
BS02,Seo-gu,industrial,2023-09-19,30.3,46.1,2.4,75.1
BS01,Jung-gu,roadside,2023-04-05,46.0,50.0,1.0,54.9
BS06,Haeundae-gu,background,2023-06-24,3.6,12.5,6.1,98.0
BS01,Jung-gu,roadside,2023-05-10,33.3,34.4,3.0,67.5
BS05,Busanjin-gu,roadside,2023-09-06,22.8,25.0,2.4,97.3
BS03,Dong-gu,roadside,2023-04-24,28.7,34.7,3.0,50.9
BS01,Jung-gu,roadside,2023-11-20,58.0,45.7,1.2,32.8
BS07,Saha-gu,industrial,2023-12-20,46.0,93.3,4.7,30.9
BS06,Haeundae-gu,background,2023-11-26,30.2,25.2,2.5,38.1
BS04,Yeongdo-gu,background,2023-07-09,11.8,8.1,1.1,66.7
BS05,Busanjin-gu,roadside,2023-07-31,26.0,20.4,1.9,74.3
BS08,Geumjeong-gu,background,2023-10-22,23.4,22.1,2.9,46.0
BS01,Jung-gu,roadside,2023-01-15,68.4,75.3,0.1,36.6
BS07,Saha-gu,industrial,2023-01-21,67.6,54.2,1.8,30.5
BS03,Dong-gu,roadside,2023-08-06,15.2,15.1,3.3,83.8
BS01,Jung-gu,roadside,2023-08-04,38.6,17.0,0.5,94.5
BS06,Haeundae-gu,background,2023-03-17,21.7,25.5,2.2,48.1
BS01,Jung-gu,roadside,2023-08-16,23.0,20.2,2.3,68.0
BS07,Saha-gu,industrial,2023-06-07,37.2,31.5,3.9,72.9
BS04,Yeongdo-gu,background,2023-03-29,,23.0,1.3,63.1
BS06,Haeundae-gu,background,2023-04-18,12.2,20.1,4.1,48.9
BS03,Dong-gu,roadside,2023-03-17,27.9,28.0,4.2,36.5
BS06,Haeundae-gu,background,2023-10-05,10.5,16.0,3.1,58.1
BS03,Dong-gu,roadside,2023-05-15,26.8,24.1,3.7,63.6
BS06,Haeundae-gu,background,2023-02-10,22.9,18.0,1.3,43.5
BS05,Busanjin-gu,roadside,2023-07-18,20.8,16.9,1.1,76.9
BS02,Seo-gu,industrial,2023-06-01,42.1,27.8,0.4,73.4
BS05,Busanjin-gu,roadside,2023-03-27,34.3,52.6,1.6,31.9
BS06,Haeundae-gu,background,2023-02-02,42.5,30.3,1.1,37.3
BS02,Seo-gu,industrial,2023-08-21,36.3,16.4,1.7,84.5
BS01,Jung-gu,roadside,2023-07-15,,30.2,0.9,87.2
BS04,Yeongdo-gu,background,2023-07-02,3.6,9.9,9.8,71.9
BS01,Jung-gu,roadside,2023-10-16,49.5,52.0,2.6,48.2
BS03,Dong-gu,roadside,2023-08-09,20.8,17.3,3.2,72.9
BS08,Geumjeong-gu,background,2023-07-26,7.8,14.4,5.7,82.4
BS07,Saha-gu,industrial,2023-11-14,54.1,67.2,1.1,58.4
BS08,Geumjeong-gu,background,2023-09-03,13.7,10.1,2.0,62.6
BS04,Yeongdo-gu,background,2023-01-26,21.4,30.0,2.0,20.0
BS05,Busanjin-gu,roadside,2023-01-01,50.9,47.6,3.5,20.0
BS02,Seo-gu,industrial,2023-07-04,14.4,21.0,6.7,88.4
BS01,Jung-gu,roadside,2023-06-06,20.8,25.4,2.9,70.0
BS02,Seo-gu,industrial,2023-02-24,51.5,71.6,2.1,23.8
BS03,Dong-gu,roadside,2023-07-12,25.8,20.2,0.3,73.9
BS07,Saha-gu,industrial,2023-04-09,45.2,51.4,1.4,54.1
BS02,Seo-gu,industrial,2023-04-23,19.8,37.8,6.4,53.8
BS06,Haeundae-gu,background,2023-11-23,23.4,25.8,1.5,37.6
BS05,Busanjin-gu,roadside,2023-08-21,18.3,27.1,3.1,71.3
BS07,Saha-gu,industrial,2023-03-10,71.0,57.6,1.6,20.6
BS08,Geumjeong-gu,background,2023-09-09,8.3,18.7,6.2,71.8
BS05,Busanjin-gu,roadside,2023-03-05,42.0,39.7,0.7,45.8
BS05,Busanjin-gu,roadside,2023-01-12,36.1,42.5,2.4,51.8
BS02,Seo-gu,industrial,2023-07-08,24.7,21.7,3.8,72.2
BS06,Haeundae-gu,background,2023-06-16,12.8,11.7,0.4,85.0
BS04,Yeongdo-gu,background,2023-04-18,5.0,17.4,12.2,54.6
BS02,Seo-gu,industrial,2023-01-26,54.1,62.2,1.9,36.8
BS02,Seo-gu,industrial,2023-08-02,31.0,30.5,1.8,78.6
BS05,Busanjin-gu,roadside,2023-07-29,,20.9,1.0,83.7
BS08,Geumjeong-gu,background,2023-06-16,7.3,17.6,3.9,96.6
BS06,Haeundae-gu,background,2023-07-20,15.8,8.4,0.1,86.2
BS06,Haeundae-gu,background,2023-11-27,27.1,21.3,0.3,34.8
BS06,Haeundae-gu,background,2023-05-26,6.0,9.8,8.1,80.8
BS08,Geumjeong-gu,background,2023-04-23,9.6,16.3,2.7,63.2
BS05,Busanjin-gu,roadside,2023-06-29,15.8,23.8,4.3,76.7
BS03,Dong-gu,roadside,2023-04-01,42.9,38.9,2.0,38.9
BS06,Haeundae-gu,background,2023-06-22,10.2,12.2,2.2,76.3
BS06,Haeundae-gu,background,2023-06-10,15.5,15.7,0.7,64.4
BS08,Geumjeong-gu,background,2023-09-14,9.7,19.7,6.4,62.4
BS03,Dong-gu,roadside,2023-10-04,18.7,26.2,1.6,63.2
BS04,Yeongdo-gu,background,2023-06-03,19.2,10.7,0.6,74.3
BS01,Jung-gu,roadside,2023-05-25,29.2,32.3,1.1,68.1
BS02,Seo-gu,industrial,2023-10-27,44.3,58.9,3.7,41.9
BS08,Geumjeong-gu,background,2023-02-22,18.0,28.4,8.3,36.0
BS01,Jung-gu,roadside,2023-05-23,30.2,30.7,1.3,76.1
BS08,Geumjeong-gu,background,2023-01-07,32.3,30.4,3.5,37.9
BS03,Dong-gu,roadside,2023-11-13,29.3,33.8,7.1,45.8
BS06,Haeundae-gu,background,2023-03-05,12.1,28.3,7.1,40.8
BS02,Seo-gu,industrial,2023-02-26,42.3,32.9,2.9,31.5
BS05,Busanjin-gu,roadside,2023-07-20,11.3,17.9,10.3,65.4
BS05,Busanjin-gu,roadside,2023-09-12,24.3,27.7,0.8,61.3
BS03,Dong-gu,roadside,2023-03-11,44.4,47.4,0.9,50.1
BS08,Geumjeong-gu,background,2023-10-07,20.2,24.2,4.1,67.0
BS02,Seo-gu,industrial,2023-09-08,27.4,41.8,2.0,71.4
BS04,Yeongdo-gu,background,2023-08-12,16.6,14.6,2.2,85.9
BS08,Geumjeong-gu,background,2023-09-30,10.2,16.7,4.0,56.3
BS07,Saha-gu,industrial,2023-08-09,14.2,31.1,0.6,61.2
BS05,Busanjin-gu,roadside,2023-11-09,22.6,43.2,3.5,41.5
BS08,Geumjeong-gu,background,2023-12-06,,32.3,1.0,44.0
BS01,Jung-gu,roadside,2023-05-12,17.7,31.0,5.3,61.6
BS01,Jung-gu,roadside,2023-03-19,34.2,54.8,2.9,43.0
BS06,Haeundae-gu,background,2023-08-16,13.4,13.3,1.4,82.7
BS02,Seo-gu,industrial,2023-12-26,89.0,48.4,2.2,28.4
BS04,Yeongdo-gu,background,2023-08-08,10.9,12.8,0.2,76.0
BS06,Haeundae-gu,background,2023-01-27,37.1,25.2,3.2,24.7
BS07,Saha-gu,industrial,2023-02-28,68.2,75.3,2.8,37.0
BS07,Saha-gu,industrial,2023-09-04,27.4,29.0,0.6,66.9
BS04,Yeongdo-gu,background,2023-10-05,14.1,11.6,3.3,70.6
BS06,Haeundae-gu,background,2023-01-31,16.1,24.0,3.1,32.2
BS04,Yeongdo-gu,background,2023-08-13,13.0,12.4,2.0,66.3
BS08,Geumjeong-gu,background,2023-09-20,14.2,20.5,2.8,73.1
BS06,Haeundae-gu,background,2023-10-30,20.5,18.0,1.2,39.7
BS02,Seo-gu,industrial,2023-01-11,85.4,62.9,1.3,28.5
BS06,Haeundae-gu,background,2023-03-25,7.2,24.0,10.0,42.3
BS01,Jung-gu,roadside,2023-11-30,46.6,56.4,1.4,32.9
BS07,Saha-gu,industrial,2023-01-15,522.8,67.9,3.0,20.0
BS08,Geumjeong-gu,background,2023-11-22,11.6,32.4,4.9,42.9
BS05,Busanjin-gu,roadside,2023-05-25,29.1,,2.5,73.5
BS04,Yeongdo-gu,background,2023-01-24,20.2,22.1,3.3,20.0
BS08,Geumjeong-gu,background,2023-08-08,23.2,9.5,2.7,79.0
BS06,Haeundae-gu,background,2023-04-29,26.1,18.7,0.1,54.4
BS07,Saha-gu,industrial,2023-07-07,28.0,32.0,3.2,94.8
BS07,Saha-gu,industrial,2023-10-09,91.4,49.1,0.1,60.3
BS04,Yeongdo-gu,background,2023-09-05,15.4,17.6,2.7,63.4
BS01,Jung-gu,roadside,2023-11-17,33.5,26.5,2.4,55.5
BS05,Busanjin-gu,roadside,2023-06-09,24.7,20.9,3.1,82.8
BS07,Saha-gu,industrial,2023-07-28,28.1,45.1,3.5,72.0
BS06,Haeundae-gu,background,2023-08-24,17.0,12.2,1.1,66.6
BS05,Busanjin-gu,roadside,2023-08-02,13.3,22.0,6.1,86.6
BS06,Haeundae-gu,background,2023-04-28,15.9,17.6,1.3,74.6
BS01,Jung-gu,roadside,2023-09-18,27.5,22.1,3.2,72.6
BS07,Saha-gu,industrial,2023-04-27,33.9,53.4,2.3,59.3
BS06,Haeundae-gu,background,2023-08-03,11.6,10.0,1.7,68.2
BS02,Seo-gu,industrial,2023-11-21,,41.7,3.0,55.6
BS03,Dong-gu,roadside,2023-06-21,22.1,13.2,2.8,85.5
BS06,Haeundae-gu,background,2023-07-21,11.6,10.6,2.9,72.2
BS01,Jung-gu,roadside,2023-05-19,31.0,28.2,2.8,68.6
BS06,Haeundae-gu,background,2023-04-03,13.5,28.4,1.8,60.8
BS06,Haeundae-gu,background,2023-01-04,14.6,33.3,7.1,34.5
BS05,Busanjin-gu,roadside,2023-04-24,37.9,29.1,2.3,53.6
BS01,Jung-gu,roadside,2023-11-16,62.3,45.0,1.9,44.9
BS02,Seo-gu,industrial,2023-10-16,59.9,39.1,1.4,38.4
BS07,Saha-gu,industrial,2023-03-26,62.2,48.7,1.3,45.6
BS02,Seo-gu,industrial,2023-07-13,17.6,17.3,4.0,85.0
BS01,Jung-gu,roadside,2023-04-23,34.1,36.4,1.2,55.5
BS02,Seo-gu,industrial,2023-06-16,34.7,22.4,2.7,74.3
BS01,Jung-gu,roadside,2023-08-13,34.0,27.0,1.9,74.2
BS02,Seo-gu,industrial,2023-12-25,46.3,59.9,2.1,36.4
BS07,Saha-gu,industrial,2023-07-09,20.6,19.9,2.3,87.8
BS08,Geumjeong-gu,background,2023-01-15,27.0,25.0,2.5,21.5
BS04,Yeongdo-gu,background,2023-12-05,22.8,22.2,5.5,32.1
BS07,Saha-gu,industrial,2023-04-02,70.8,55.0,1.3,57.1
BS04,Yeongdo-gu,background,2023-12-30,14.6,22.4,7.1,40.6
BS08,Geumjeong-gu,background,2023-04-04,27.9,18.5,2.2,42.3
BS03,Dong-gu,roadside,2023-04-27,42.0,25.5,0.5,59.1
BS01,Jung-gu,roadside,2023-07-13,41.5,15.7,0.2,85.2
BS05,Busanjin-gu,roadside,2023-01-05,38.1,53.2,3.0,22.8
BS03,Dong-gu,roadside,2023-08-05,15.6,,4.6,77.7
BS06,Haeundae-gu,background,2023-07-16,9.1,11.2,2.6,98.0
BS05,Busanjin-gu,roadside,2023-06-19,28.4,23.9,3.1,73.8
BS01,Jung-gu,roadside,2023-04-28,33.7,42.5,3.3,58.7
BS02,Seo-gu,industrial,2023-10-08,64.4,46.3,0.3,55.1
BS06,Haeundae-gu,background,2023-02-15,29.7,18.5,3.0,44.0
BS01,Jung-gu,roadside,2023-01-04,,47.2,1.4,20.0
BS01,Jung-gu,roadside,2023-03-16,52.5,51.6,2.7,48.3
BS05,Busanjin-gu,roadside,2023-10-23,34.6,41.8,1.5,30.4
BS02,Seo-gu,industrial,2023-04-13,46.3,47.1,3.8,58.6
BS01,Jung-gu,roadside,2023-01-06,41.1,66.3,3.1,25.1
BS04,Yeongdo-gu,background,2023-06-01,8.1,13.2,5.2,61.1
BS03,Dong-gu,roadside,2023-07-09,10.8,18.1,5.0,82.0
BS01,Jung-gu,roadside,2023-08-17,15.9,15.7,4.7,78.8
BS03,Dong-gu,roadside,2023-11-30,35.7,47.6,2.4,30.3
BS01,Jung-gu,roadside,2023-08-31,11.4,18.6,5.0,91.8
BS07,Saha-gu,industrial,2023-02-11,80.0,60.1,3.6,32.6
BS04,Yeongdo-gu,background,2023-03-07,35.7,25.6,0.8,36.5
BS07,Saha-gu,industrial,2023-10-01,51.1,39.5,3.0,53.1
BS05,Busanjin-gu,roadside,2023-03-08,22.7,52.0,4.8,53.7
BS05,Busanjin-gu,roadside,2023-05-26,15.8,29.7,4.4,84.4
BS08,Geumjeong-gu,background,2023-09-23,7.9,24.8,7.8,64.5
BS07,Saha-gu,industrial,2023-03-31,43.2,38.7,5.0,46.9
BS07,Saha-gu,industrial,2023-10-31,57.4,45.6,2.4,35.9
BS06,Haeundae-gu,background,2023-06-14,23.3,8.4,0.4,82.9
BS07,Saha-gu,industrial,2023-04-25,33.4,43.3,4.0,73.8
BS06,Haeundae-gu,background,2023-05-31,,12.3,1.1,80.2
BS05,Busanjin-gu,roadside,2023-10-29,35.3,57.9,2.0,43.9
BS04,Yeongdo-gu,background,2023-07-30,15.1,9.1,4.1,70.5
BS05,Busanjin-gu,roadside,2023-03-23,20.8,60.6,9.7,55.9
BS02,Seo-gu,industrial,2023-09-15,35.9,34.3,3.5,63.8
BS07,Saha-gu,industrial,2023-11-05,33.9,74.7,5.1,46.7
BS05,Busanjin-gu,roadside,2023-02-03,57.4,60.4,1.2,38.6
BS01,Jung-gu,roadside,2023-04-21,36.3,25.5,0.5,58.1
BS04,Yeongdo-gu,background,2023-03-16,24.8,18.3,5.2,50.8
BS01,Jung-gu,roadside,2023-08-21,27.1,26.5,2.8,78.0
BS01,Jung-gu,roadside,2023-03-08,49.7,45.8,3.2,38.8
BS08,Geumjeong-gu,background,2023-04-10,25.7,27.8,3.0,51.4
BS06,Haeundae-gu,background,2023-09-05,19.9,15.1,0.7,66.9
BS02,Seo-gu,industrial,2023-06-21,12.5,25.4,6.4,71.5
BS01,Jung-gu,roadside,2023-05-06,12.5,38.4,6.2,50.9
BS06,Haeundae-gu,background,2023-11-05,9.1,21.7,7.1,57.8
BS04,Yeongdo-gu,background,2023-06-09,14.3,14.1,1.9,94.5
BS07,Saha-gu,industrial,2023-09-02,64.5,38.1,0.5,83.7
BS06,Haeundae-gu,background,2023-06-01,13.9,12.0,4.0,79.1
BS07,Saha-gu,industrial,2023-08-11,24.3,28.6,0.9,86.8
BS08,Geumjeong-gu,background,2023-08-29,18.4,17.6,3.4,58.4
BS06,Haeundae-gu,background,2023-09-08,10.2,14.0,2.4,60.6
BS02,Seo-gu,industrial,2023-04-30,50.9,45.7,2.7,52.8
BS05,Busanjin-gu,roadside,2023-07-14,17.8,19.7,4.7,74.3
BS08,Geumjeong-gu,background,2023-03-10,47.9,25.9,1.1,39.6
BS07,Saha-gu,industrial,2023-01-29,42.6,55.6,4.2,38.7
BS07,Saha-gu,industrial,2023-06-17,23.3,33.6,2.9,74.2
BS05,Busanjin-gu,roadside,2023-11-11,23.2,45.4,5.2,24.7
BS03,Dong-gu,roadside,2023-07-08,28.3,21.5,1.1,70.8
BS05,Busanjin-gu,roadside,2023-07-06,26.7,30.5,2.4,97.0
BS03,Dong-gu,roadside,2023-10-24,22.7,43.5,4.9,39.6
BS03,Dong-gu,roadside,2023-10-28,,38.7,1.9,40.9
BS03,Dong-gu,roadside,2023-06-02,33.6,26.8,1.6,73.7
BS04,Yeongdo-gu,background,2023-08-29,14.7,10.1,3.9,59.4
BS06,Haeundae-gu,background,2023-12-17,27.3,16.9,2.1,41.2
BS01,Jung-gu,roadside,2023-12-31,49.4,52.7,2.6,40.0
BS06,Haeundae-gu,background,2023-10-28,10.8,24.5,2.6,52.0
BS01,Jung-gu,roadside,2023-01-28,48.1,45.5,3.9,29.5
BS02,Seo-gu,industrial,2023-04-19,49.9,39.8,2.3,62.3
BS02,Seo-gu,industrial,2023-06-10,26.2,31.5,1.1,67.3
BS02,Seo-gu,industrial,2023-12-27,83.0,59.9,1.7,35.9
BS01,Jung-gu,roadside,2023-02-25,59.4,42.3,0.7,35.6
BS02,Seo-gu,industrial,2023-10-01,49.7,,1.6,62.5
BS01,Jung-gu,roadside,2023-10-30,49.7,42.3,3.1,61.9
BS08,Geumjeong-gu,background,2023-11-25,25.3,29.8,1.9,40.9
BS04,Yeongdo-gu,background,2023-07-01,15.8,10.4,2.2,82.8
BS08,Geumjeong-gu,background,2023-01-29,28.5,27.4,4.0,22.8
BS02,Seo-gu,industrial,2023-09-17,41.0,38.6,3.4,56.0
BS06,Haeundae-gu,background,2023-08-19,6.1,13.2,2.8,77.7
BS04,Yeongdo-gu,background,2023-07-05,17.0,8.6,1.4,87.3
BS03,Dong-gu,roadside,2023-11-16,39.5,41.7,1.9,47.6
BS01,Jung-gu,roadside,2023-12-03,62.5,49.8,2.2,61.7
BS01,Jung-gu,roadside,2023-02-17,17.7,49.0,6.9,35.3
BS01,Jung-gu,roadside,2023-04-17,34.4,,1.5,49.1
BS03,Dong-gu,roadside,2023-12-16,71.8,72.5,0.4,42.8
BS04,Yeongdo-gu,background,2023-02-19,18.4,22.8,1.3,27.9
BS07,Saha-gu,industrial,2023-05-29,19.5,37.9,5.4,71.7
BS06,Haeundae-gu,background,2023-01-12,18.4,49.0,5.3,20.0
BS05,Busanjin-gu,roadside,2023-10-21,29.0,45.7,1.8,39.4
BS04,Yeongdo-gu,background,2023-01-07,50.1,20.6,2.0,24.9
BS06,Haeundae-gu,background,2023-05-24,13.9,15.1,1.8,77.3
BS02,Seo-gu,industrial,2023-06-08,10.7,30.1,13.9,78.4
BS04,Yeongdo-gu,background,2023-11-30,452.3,18.2,0.3,45.1
BS08,Geumjeong-gu,background,2023-01-01,28.9,32.2,1.4,40.9
BS02,Seo-gu,industrial,2023-08-27,25.4,25.7,4.3,79.4
BS05,Busanjin-gu,roadside,2023-01-30,52.6,59.8,1.1,51.1
BS07,Saha-gu,industrial,2023-04-24,14.1,30.5,8.1,56.6
BS01,Jung-gu,roadside,2023-03-02,42.1,56.3,3.1,32.9
BS08,Geumjeong-gu,background,2023-05-22,34.5,18.1,1.0,65.6
BS02,Seo-gu,industrial,2023-11-03,80.4,39.7,2.9,48.4
BS01,Jung-gu,roadside,2023-04-03,62.9,39.6,0.3,49.3
BS02,Seo-gu,industrial,2023-10-29,28.2,59.4,7.4,54.6
BS06,Haeundae-gu,background,2023-03-04,23.2,26.5,2.6,45.2
BS01,Jung-gu,roadside,2023-10-08,22.2,43.1,0.7,55.9
BS05,Busanjin-gu,roadside,2023-09-17,38.1,37.9,1.7,67.3
BS01,Jung-gu,roadside,2023-12-26,43.5,,2.9,33.8
BS03,Dong-gu,roadside,2023-06-19,15.1,23.9,5.2,90.4
BS06,Haeundae-gu,background,2023-04-21,13.7,18.5,3.5,58.4
BS06,Haeundae-gu,background,2023-06-19,,8.1,2.4,89.5
BS07,Saha-gu,industrial,2023-09-05,35.4,34.6,1.6,75.8
BS03,Dong-gu,roadside,2023-01-31,43.6,46.5,2.6,29.9
BS06,Haeundae-gu,background,2023-11-30,22.4,21.3,2.3,32.3
BS08,Geumjeong-gu,background,2023-01-16,25.2,49.4,1.1,28.7
BS01,Jung-gu,roadside,2023-02-12,82.1,65.6,0.7,25.7
BS06,Haeundae-gu,background,2023-12-15,13.7,17.2,8.7,27.9
BS01,Jung-gu,roadside,2023-07-24,25.3,20.9,1.5,79.7
BS05,Busanjin-gu,roadside,2023-01-14,,62.2,2.4,38.7
BS06,Haeundae-gu,background,2023-10-03,18.1,13.7,1.7,48.5
BS01,Jung-gu,roadside,2023-03-10,49.5,56.5,3.9,45.6
BS06,Haeundae-gu,background,2023-02-20,,33.1,4.2,38.0
BS08,Geumjeong-gu,background,2023-03-17,,30.2,0.5,33.7
BS01,Jung-gu,roadside,2023-05-18,20.6,48.7,2.6,62.3
BS03,Dong-gu,roadside,2023-03-08,36.0,38.5,1.5,34.2
BS06,Haeundae-gu,background,2023-12-22,12.2,19.0,5.0,20.0
BS06,Haeundae-gu,background,2023-10-31,15.7,19.4,2.7,45.7
BS03,Dong-gu,roadside,2023-01-29,56.3,51.7,2.2,33.6
BS02,Seo-gu,industrial,2023-06-26,8.5,31.1,5.9,77.0
BS03,Dong-gu,roadside,2023-10-17,41.4,29.6,1.1,58.6
BS07,Saha-gu,industrial,2023-02-20,51.3,82.7,4.7,33.4
BS01,Jung-gu,roadside,2023-06-15,26.0,,2.6,65.5
BS01,Jung-gu,roadside,2023-09-06,17.4,29.7,2.5,74.7
BS04,Yeongdo-gu,background,2023-08-25,15.2,11.2,2.4,85.3
BS06,Haeundae-gu,background,2023-07-12,3.9,10.8,6.8,78.4
BS02,Seo-gu,industrial,2023-03-23,45.1,49.2,2.2,44.6
BS04,Yeongdo-gu,background,2023-09-21,,14.9,2.9,75.1
BS06,Haeundae-gu,background,2023-11-17,10.1,22.5,6.7,47.5
BS04,Yeongdo-gu,background,2023-08-23,9.6,8.7,2.1,66.4
BS04,Yeongdo-gu,background,2023-05-22,15.1,14.1,4.1,52.7
BS06,Haeundae-gu,background,2023-11-22,21.7,15.7,2.4,38.9
BS02,Seo-gu,industrial,2023-03-11,44.0,72.8,1.9,45.9
BS06,Haeundae-gu,background,2023-10-25,16.0,23.1,3.8,49.1
BS02,Seo-gu,industrial,2023-08-01,29.5,21.8,0.7,75.9
BS08,Geumjeong-gu,background,2023-11-02,15.5,25.5,4.0,59.2
BS08,Geumjeong-gu,background,2023-05-14,18.4,15.6,2.8,77.0
BS06,Haeundae-gu,background,2023-01-24,21.3,28.4,1.3,30.6
BS03,Dong-gu,roadside,2023-02-02,23.3,38.6,11.1,33.5
BS02,Seo-gu,industrial,2023-01-24,48.3,76.5,4.4,20.0
BS01,Jung-gu,roadside,2023-08-24,12.8,26.0,5.0,72.3
BS07,Saha-gu,industrial,2023-12-30,46.5,68.3,2.1,23.1
BS06,Haeundae-gu,background,2023-06-09,4.8,12.2,5.5,62.8
BS01,Jung-gu,roadside,2023-09-25,41.5,,0.9,56.0
BS03,Dong-gu,roadside,2023-02-10,28.4,44.0,5.0,46.4
BS06,Haeundae-gu,background,2023-12-07,25.7,27.1,2.8,30.1
BS02,Seo-gu,industrial,2023-03-14,33.8,44.1,7.2,43.5
BS02,Seo-gu,industrial,2023-11-05,52.6,50.2,4.3,37.9
BS01,Jung-gu,roadside,2023-09-07,,27.8,3.5,71.1
BS07,Saha-gu,industrial,2023-01-12,121.8,92.7,1.1,22.1
BS05,Busanjin-gu,roadside,2023-04-25,57.4,40.6,0.4,58.4
BS06,Haeundae-gu,background,2023-11-14,19.6,22.5,2.7,36.5
BS06,Haeundae-gu,background,2023-09-14,7.2,13.3,4.2,68.7
BS08,Geumjeong-gu,background,2023-03-04,12.2,29.5,7.3,45.2
BS07,Saha-gu,industrial,2023-11-23,20.6,67.4,6.6,45.3
BS08,Geumjeong-gu,background,2023-05-12,,21.7,2.2,85.1
BS02,Seo-gu,industrial,2023-03-25,62.3,50.4,1.4,43.3
BS05,Busanjin-gu,roadside,2023-01-10,37.7,49.9,0.8,30.5
BS02,Seo-gu,industrial,2023-12-18,82.2,66.7,0.1,41.3
BS07,Saha-gu,industrial,2023-06-10,31.9,23.6,0.9,77.5
BS08,Geumjeong-gu,background,2023-01-08,32.9,28.2,1.4,30.8
BS06,Haeundae-gu,background,2023-08-12,10.1,10.3,2.2,70.9
BS06,Haeundae-gu,background,2023-03-18,30.1,17.9,0.6,40.7
BS04,Yeongdo-gu,background,2023-03-15,9.4,30.8,4.3,28.4
BS01,Jung-gu,roadside,2023-03-24,32.9,47.8,2.3,44.9
BS07,Saha-gu,industrial,2023-07-05,17.9,25.7,4.7,73.5
BS05,Busanjin-gu,roadside,2023-01-01,50.9,47.6,3.5,20.0
BS06,Haeundae-gu,background,2023-03-10,16.9,24.3,3.8,33.2
BS05,Busanjin-gu,roadside,2023-07-28,19.0,22.7,1.5,80.0
BS06,Haeundae-gu,background,2023-06-25,11.2,11.1,1.9,80.3
BS02,Seo-gu,industrial,2023-04-21,28.9,49.5,3.5,49.2
BS02,Seo-gu,industrial,2023-06-02,22.1,30.3,1.4,75.5
BS02,Seo-gu,industrial,2023-02-09,65.0,58.6,3.1,29.8
BS02,Seo-gu,industrial,2023-01-20,68.4,62.5,2.3,20.0
BS07,Saha-gu,industrial,2023-07-14,27.7,31.7,2.9,90.4
BS06,Haeundae-gu,background,2023-11-24,30.8,24.0,2.5,40.3
BS05,Busanjin-gu,roadside,2023-06-23,20.3,27.5,1.9,62.2
BS08,Geumjeong-gu,background,2023-09-07,15.3,16.5,1.1,82.1
BS02,Seo-gu,industrial,2023-11-20,48.3,47.7,2.7,41.8
BS04,Yeongdo-gu,background,2023-05-26,8.2,15.1,4.6,72.7
BS01,Jung-gu,roadside,2023-03-04,43.7,52.7,4.4,43.6
BS03,Dong-gu,roadside,2023-05-03,,22.7,3.8,58.0
BS08,Geumjeong-gu,background,2023-05-24,,17.8,5.1,67.7
BS07,Saha-gu,industrial,2023-08-25,27.9,22.4,4.0,85.8
BS04,Yeongdo-gu,background,2023-06-17,8.6,11.7,3.0,71.4
BS01,Jung-gu,roadside,2023-08-12,13.5,23.8,2.0,87.0
BS07,Saha-gu,industrial,2023-01-04,81.7,74.6,2.0,40.0
BS02,Seo-gu,industrial,2023-01-09,56.1,57.0,2.1,30.1
BS05,Busanjin-gu,roadside,2023-12-31,61.6,50.9,0.6,34.6
BS07,Saha-gu,industrial,2023-10-24,,71.4,4.0,53.5
BS08,Geumjeong-gu,background,2023-09-15,21.4,11.9,1.3,52.8
BS07,Saha-gu,industrial,2023-12-22,63.1,58.6,4.4,24.6
BS08,Geumjeong-gu,background,2023-03-18,30.0,18.9,1.8,34.3
BS01,Jung-gu,roadside,2023-01-10,45.2,46.1,0.9,31.1
BS06,Haeundae-gu,background,2023-04-30,13.6,18.5,3.9,57.7
BS06,Haeundae-gu,background,2023-01-14,10.7,25.4,6.8,37.9
BS02,Seo-gu,industrial,2023-12-10,93.9,59.4,0.9,29.9
BS01,Jung-gu,roadside,2023-09-13,46.8,39.9,0.5,70.0
BS05,Busanjin-gu,roadside,2023-06-07,22.9,24.1,1.8,70.7
BS02,Seo-gu,industrial,2023-01-25,118.3,75.9,1.0,42.3
BS05,Busanjin-gu,roadside,2023-05-02,38.5,39.2,1.2,68.0
BS03,Dong-gu,roadside,2023-07-14,12.8,18.7,5.8,82.3
BS06,Haeundae-gu,background,2023-07-31,11.5,12.5,5.1,88.4
BS07,Saha-gu,industrial,2023-06-15,36.0,32.8,2.0,77.0
BS04,Yeongdo-gu,background,2023-05-10,11.0,12.5,5.8,66.8
BS06,Haeundae-gu,background,2023-05-02,22.6,22.7,0.8,58.9
BS03,Dong-gu,roadside,2023-01-10,27.7,50.1,6.9,26.5
BS01,Jung-gu,roadside,2023-02-10,50.9,41.6,2.9,35.8
BS03,Dong-gu,roadside,2023-05-19,25.8,25.8,1.9,71.1
BS02,Seo-gu,industrial,2023-06-24,31.5,33.4,1.7,69.8
BS07,Saha-gu,industrial,2023-09-28,451.6,46.0,4.9,63.0
BS04,Yeongdo-gu,background,2023-10-04,22.2,12.5,1.1,42.4
BS04,Yeongdo-gu,background,2023-02-20,23.7,32.5,2.5,33.3
BS03,Dong-gu,roadside,2023-10-29,45.7,32.6,1.9,55.4
BS02,Seo-gu,industrial,2023-01-08,74.8,,0.6,29.4
BS02,Seo-gu,industrial,2023-10-30,89.3,35.8,1.6,54.1
BS01,Jung-gu,roadside,2023-12-24,32.1,34.2,2.8,40.3
BS03,Dong-gu,roadside,2023-08-26,43.4,23.4,0.9,74.7
BS04,Yeongdo-gu,background,2023-09-16,8.8,18.8,0.5,79.2
BS03,Dong-gu,roadside,2023-11-02,27.2,29.9,2.8,49.3
BS02,Seo-gu,industrial,2023-04-16,39.8,40.4,1.0,34.7
BS04,Yeongdo-gu,background,2023-10-29,32.6,17.5,2.8,
BS08,Geumjeong-gu,background,2023-10-19,31.5,21.3,1.2,
BS05,Busanjin-gu,roadside,2023-03-31,,43.4,1.9,53.7
BS04,Yeongdo-gu,background,2023-06-11,14.0,8.9,2.9,79.5
BS06,Haeundae-gu,background,2023-09-27,12.4,15.0,3.5,40.5
BS05,Busanjin-gu,roadside,2023-04-06,73.5,40.6,1.7,50.2
BS08,Geumjeong-gu,background,2023-02-05,36.9,31.2,0.9,20.2
BS04,Yeongdo-gu,background,2023-06-05,7.5,16.0,9.6,71.5
BS05,Busanjin-gu,roadside,2023-08-28,20.3,22.1,1.7,69.4
BS04,Yeongdo-gu,background,2023-06-07,20.2,15.1,1.9,81.7
BS08,Geumjeong-gu,background,2023-06-22,36.7,13.3,0.7,79.2
BS01,Jung-gu,roadside,2023-03-21,36.2,39.1,2.8,29.4
BS04,Yeongdo-gu,background,2023-03-19,27.3,17.1,1.7,32.4
BS03,Dong-gu,roadside,2023-03-26,35.7,26.9,2.0,44.0
BS06,Haeundae-gu,background,2023-01-28,23.8,18.0,3.9,28.5
BS07,Saha-gu,industrial,2023-01-31,77.4,64.7,2.4,20.0
BS08,Geumjeong-gu,background,2023-01-22,24.2,38.4,4.1,31.3
BS06,Haeundae-gu,background,2023-10-08,23.3,13.7,3.7,73.6
BS01,Jung-gu,roadside,2023-05-14,18.5,35.5,2.6,77.2
BS04,Yeongdo-gu,background,2023-02-15,32.3,30.5,2.6,29.9
BS03,Dong-gu,roadside,2023-07-23,9.0,14.8,6.6,84.1
BS03,Dong-gu,roadside,2023-07-18,,22.8,5.9,84.3
BS03,Dong-gu,roadside,2023-04-04,36.2,34.4,3.2,51.8
BS05,Busanjin-gu,roadside,2023-03-13,50.9,58.2,2.7,36.7
BS04,Yeongdo-gu,background,2023-04-30,17.5,14.8,1.4,58.4
BS02,Seo-gu,industrial,2023-05-20,56.3,34.2,2.0,73.8
BS08,Geumjeong-gu,background,2023-12-19,30.6,22.9,1.8,43.6
BS06,Haeundae-gu,background,2023-06-21,8.6,10.1,3.6,77.7
BS06,Haeundae-gu,background,2023-05-14,11.7,15.0,3.7,57.1
BS04,Yeongdo-gu,background,2023-10-17,25.6,22.4,2.6,46.6
BS03,Dong-gu,roadside,2023-06-14,18.8,17.1,1.4,68.7
BS03,Dong-gu,roadside,2023-04-09,29.5,22.3,3.7,48.1
BS08,Geumjeong-gu,background,2023-11-05,23.8,24.0,1.1,55.1
BS05,Busanjin-gu,roadside,2023-08-12,14.6,20.7,3.1,78.0
BS07,Saha-gu,industrial,2023-11-29,54.3,62.0,2.2,32.9
BS07,Saha-gu,industrial,2023-11-13,88.5,53.3,0.1,52.2
BS07,Saha-gu,industrial,2023-09-30,60.2,49.9,0.7,57.9
BS02,Seo-gu,industrial,2023-10-15,54.7,39.4,2.6,58.1
BS01,Jung-gu,roadside,2023-06-22,12.4,18.1,4.1,85.9
BS01,Jung-gu,roadside,2023-02-08,41.5,61.9,3.5,31.8
BS08,Geumjeong-gu,background,2023-09-08,17.9,19.6,2.0,69.0
BS02,Seo-gu,industrial,2023-12-15,42.7,48.3,3.1,44.4
BS01,Jung-gu,roadside,2023-04-01,59.7,50.7,2.2,61.2
BS08,Geumjeong-gu,background,2023-12-09,29.2,38.8,1.3,20.0
BS04,Yeongdo-gu,background,2023-04-21,35.2,20.6,1.4,55.4
BS07,Saha-gu,industrial,2023-12-10,58.3,,1.0,35.3
BS06,Haeundae-gu,background,2023-01-03,14.4,28.0,6.1,20.6
BS04,Yeongdo-gu,background,2023-03-02,15.5,21.9,2.9,40.3
BS04,Yeongdo-gu,background,2023-08-18,9.7,13.0,3.7,86.5
BS01,Jung-gu,roadside,2023-08-05,28.3,21.7,2.2,85.5
BS02,Seo-gu,industrial,2023-05-26,20.5,44.5,5.0,75.3
BS05,Busanjin-gu,roadside,2023-08-09,32.4,14.4,0.6,70.6
BS02,Seo-gu,industrial,2023-05-15,27.7,36.9,2.6,66.8
BS07,Saha-gu,industrial,2023-08-28,,,1.0,72.2
BS06,Haeundae-gu,background,2023-02-01,23.5,34.3,3.5,26.0
BS04,Yeongdo-gu,background,2023-10-21,16.1,15.9,5.0,61.1
BS05,Busanjin-gu,roadside,2023-03-01,57.7,63.8,1.9,47.3
BS07,Saha-gu,industrial,2023-07-16,32.0,33.1,3.4,84.1
BS08,Geumjeong-gu,background,2023-04-24,16.0,13.2,1.3,54.0
BS06,Haeundae-gu,background,2023-09-09,13.8,16.0,3.6,64.9
BS05,Busanjin-gu,roadside,2023-03-22,58.4,42.1,1.0,33.0
BS04,Yeongdo-gu,background,2023-05-03,28.1,17.5,0.7,58.9
BS04,Yeongdo-gu,background,2023-11-18,38.2,21.0,0.6,40.8
BS07,Saha-gu,industrial,2023-01-28,82.9,56.7,0.0,27.9
BS07,Saha-gu,industrial,2023-10-06,67.1,30.3,2.4,69.6
BS05,Busanjin-gu,roadside,2023-08-05,,20.8,2.2,87.6
BS04,Yeongdo-gu,background,2023-04-13,8.8,20.6,4.5,44.1
BS05,Busanjin-gu,roadside,2023-03-24,27.3,,5.7,43.8
BS03,Dong-gu,roadside,2023-08-12,27.6,19.9,1.0,87.0
BS03,Dong-gu,roadside,2023-01-21,85.9,38.3,1.2,36.3
BS01,Jung-gu,roadside,2023-08-23,24.5,30.9,4.0,65.4
BS03,Dong-gu,roadside,2023-01-03,60.7,63.4,4.1,23.9
BS02,Seo-gu,industrial,2023-07-02,30.1,36.4,2.1,74.2
BS04,Yeongdo-gu,background,2023-03-03,8.6,29.5,8.9,47.6
BS07,Saha-gu,industrial,2023-11-28,,52.4,3.2,39.3
BS04,Yeongdo-gu,background,2023-04-25,27.9,14.2,0.6,74.3
BS03,Dong-gu,roadside,2023-12-02,47.1,46.2,2.6,47.9
BS06,Haeundae-gu,background,2023-11-28,19.3,28.8,3.2,37.2
BS03,Dong-gu,roadside,2023-11-29,31.1,38.4,2.0,36.7
BS04,Yeongdo-gu,background,2023-03-14,37.8,26.5,1.9,46.3
BS05,Busanjin-gu,roadside,2023-02-02,51.2,50.5,3.6,32.5
BS07,Saha-gu,industrial,2023-08-23,23.4,31.6,2.5,73.6
BS03,Dong-gu,roadside,2023-06-04,22.3,26.3,2.9,67.3
BS01,Jung-gu,roadside,2023-05-24,16.9,24.9,3.6,67.8
BS08,Geumjeong-gu,background,2023-11-27,31.2,31.1,1.4,23.4
BS03,Dong-gu,roadside,2023-05-01,21.2,28.8,5.4,58.8
BS02,Seo-gu,industrial,2023-12-19,71.8,63.3,0.8,33.4
BS08,Geumjeong-gu,background,2023-08-22,16.4,12.7,0.4,77.5
BS01,Jung-gu,roadside,2023-09-22,15.5,40.0,5.3,69.2
BS01,Jung-gu,roadside,2023-03-17,39.7,48.6,2.5,46.9
BS02,Seo-gu,industrial,2023-01-31,64.4,60.0,0.4,28.3
BS07,Saha-gu,industrial,2023-11-01,28.5,50.2,5.4,52.2
BS07,Saha-gu,industrial,2023-02-04,48.0,102.1,4.4,38.7
BS08,Geumjeong-gu,background,2023-07-10,18.0,13.8,0.9,80.5
BS02,Seo-gu,industrial,2023-02-01,46.8,60.2,5.5,34.2
BS04,Yeongdo-gu,background,2023-09-28,11.7,15.2,3.4,50.3
BS08,Geumjeong-gu,background,2023-06-06,9.1,16.4,3.3,66.2
BS06,Haeundae-gu,background,2023-03-20,20.5,19.6,2.0,42.4
BS02,Seo-gu,industrial,2023-08-19,29.4,27.9,1.1,70.3
BS06,Haeundae-gu,background,2023-10-12,21.1,25.5,3.7,60.8
BS04,Yeongdo-gu,background,2023-07-21,10.4,12.2,2.3,71.2
BS05,Busanjin-gu,roadside,2023-12-28,57.8,40.8,0.4,33.8
BS03,Dong-gu,roadside,2023-05-23,16.7,22.1,4.2,46.2
BS08,Geumjeong-gu,background,2023-10-27,26.2,25.3,2.5,57.8
BS07,Saha-gu,industrial,2023-05-17,36.1,44.7,2.8,76.9
BS05,Busanjin-gu,roadside,2023-03-30,48.8,57.6,0.2,49.9
BS01,Jung-gu,roadside,2023-02-06,54.5,72.1,2.0,53.8
BS07,Saha-gu,industrial,2023-10-14,39.7,59.3,2.7,50.9
BS06,Haeundae-gu,background,2023-11-15,27.9,24.6,3.9,33.4
BS07,Saha-gu,industrial,2023-11-11,57.6,47.2,0.9,46.4
BS03,Dong-gu,roadside,2023-09-05,20.9,29.1,2.3,75.3
BS05,Busanjin-gu,roadside,2023-04-22,53.1,39.3,1.2,61.1
BS04,Yeongdo-gu,background,2023-01-28,39.0,28.5,1.3,29.1
BS07,Saha-gu,industrial,2023-02-19,82.7,61.0,2.1,29.1
BS06,Haeundae-gu,background,2023-03-09,15.0,24.1,3.8,37.9
BS02,Seo-gu,industrial,2023-11-07,67.4,,2.8,50.3
BS02,Seo-gu,industrial,2023-12-30,29.7,70.2,5.9,20.0
BS02,Seo-gu,industrial,2023-02-17,59.1,78.0,1.6,41.9
BS05,Busanjin-gu,roadside,2023-02-26,38.3,39.6,1.7,30.6
BS05,Busanjin-gu,roadside,2023-07-09,,14.0,1.1,86.3
BS03,Dong-gu,roadside,2023-04-06,11.8,37.0,6.5,39.3
BS02,Seo-gu,industrial,2023-09-09,66.8,32.6,0.4,58.3
BS01,Jung-gu,roadside,2023-04-25,15.0,30.2,3.8,57.8
BS02,Seo-gu,industrial,2023-02-22,77.2,61.1,1.2,34.1
BS05,Busanjin-gu,roadside,2023-06-15,27.9,18.1,1.2,77.4
BS08,Geumjeong-gu,background,2023-11-24,36.9,31.3,2.0,40.1
BS01,Jung-gu,roadside,2023-03-31,45.0,35.2,4.1,34.9
BS06,Haeundae-gu,background,2023-09-15,21.6,19.9,0.7,66.6
BS03,Dong-gu,roadside,2023-01-24,31.4,36.7,2.5,24.6
BS05,Busanjin-gu,roadside,2023-06-20,7.9,20.5,5.9,77.3
BS01,Jung-gu,roadside,2023-01-12,62.3,48.6,0.6,38.8
BS07,Saha-gu,industrial,2023-09-12,44.4,34.1,2.9,76.4
BS01,Jung-gu,roadside,2023-10-12,38.3,30.6,1.7,48.9
BS03,Dong-gu,roadside,2023-12-03,54.3,49.3,1.4,30.8
BS04,Yeongdo-gu,background,2023-04-07,14.6,19.5,1.1,54.4
BS04,Yeongdo-gu,background,2023-12-12,18.5,23.0,2.1,30.9
BS08,Geumjeong-gu,background,2023-12-22,36.4,26.1,2.4,46.4
BS08,Geumjeong-gu,background,2023-07-11,14.8,10.4,3.0,74.0
BS08,Geumjeong-gu,background,2023-04-13,11.7,14.5,4.4,61.5
BS05,Busanjin-gu,roadside,2023-04-19,32.5,26.2,1.4,39.6
BS07,Saha-gu,industrial,2023-08-26,17.9,29.2,6.1,67.5
BS07,Saha-gu,industrial,2023-12-02,66.0,58.5,2.0,40.7
BS05,Busanjin-gu,roadside,2023-08-16,35.1,23.2,1.6,70.8
BS03,Dong-gu,roadside,2023-05-02,24.1,30.6,3.7,60.9
BS07,Saha-gu,industrial,2023-01-18,74.9,88.6,1.6,27.7
BS03,Dong-gu,roadside,2023-06-15,28.1,15.1,0.9,69.6
BS02,Seo-gu,industrial,2023-05-12,24.0,27.8,2.7,64.5
BS07,Saha-gu,industrial,2023-04-26,30.4,64.1,5.4,35.0
BS05,Busanjin-gu,roadside,2023-11-19,46.2,58.1,0.5,37.5
BS01,Jung-gu,roadside,2023-12-02,39.8,55.9,3.2,36.1
BS02,Seo-gu,industrial,2023-05-31,16.7,27.4,7.5,77.2
BS04,Yeongdo-gu,background,2023-09-11,8.3,15.2,1.9,67.9
BS03,Dong-gu,roadside,2023-10-13,26.2,34.6,2.9,52.2
BS08,Geumjeong-gu,background,2023-07-19,17.5,13.4,1.3,86.0
BS05,Busanjin-gu,roadside,2023-11-18,26.9,65.9,2.8,47.7
BS05,Busanjin-gu,roadside,2023-11-22,51.6,,2.2,59.2
BS06,Haeundae-gu,background,2023-09-03,12.0,,1.5,72.2
BS01,Jung-gu,roadside,2023-12-23,44.8,51.2,4.0,46.9
BS08,Geumjeong-gu,background,2023-08-31,8.1,20.9,5.2,66.1
BS04,Yeongdo-gu,background,2023-08-06,11.2,10.6,2.6,78.8
BS05,Busanjin-gu,roadside,2023-06-25,9.6,33.8,5.8,84.0
BS02,Seo-gu,industrial,2023-07-05,36.2,30.3,0.9,81.0
BS07,Saha-gu,industrial,2023-07-18,13.0,36.4,5.2,79.9
BS07,Saha-gu,industrial,2023-10-17,31.6,45.4,2.4,41.3
BS07,Saha-gu,industrial,2023-03-17,40.4,66.4,3.5,43.9
BS04,Yeongdo-gu,background,2023-05-13,20.3,13.3,2.2,62.4
BS08,Geumjeong-gu,background,2023-03-14,28.9,23.5,1.5,54.9
BS03,Dong-gu,roadside,2023-08-16,18.5,18.7,4.8,67.0
BS05,Busanjin-gu,roadside,2023-11-10,41.2,42.0,5.5,38.3
BS06,Haeundae-gu,background,2023-11-13,10.8,23.0,3.8,43.2
BS03,Dong-gu,roadside,2023-10-06,35.0,35.8,2.8,57.4
BS03,Dong-gu,roadside,2023-12-29,38.3,38.9,5.3,26.5
BS08,Geumjeong-gu,background,2023-03-08,38.9,25.5,0.9,45.9
BS03,Dong-gu,roadside,2023-09-24,,18.1,0.3,69.5
BS05,Busanjin-gu,roadside,2023-08-08,8.9,20.8,4.4,74.3
BS01,Jung-gu,roadside,2023-06-03,17.4,22.5,2.6,71.0
BS08,Geumjeong-gu,background,2023-08-20,11.3,14.5,4.3,79.7
BS02,Seo-gu,industrial,2023-08-04,20.2,20.4,2.5,77.8
BS05,Busanjin-gu,roadside,2023-01-11,54.9,62.0,1.7,43.4
BS02,Seo-gu,industrial,2023-12-05,75.7,89.6,0.7,45.2
BS04,Yeongdo-gu,background,2023-04-28,11.3,15.6,2.0,55.6
BS03,Dong-gu,roadside,2023-06-16,23.8,21.1,1.8,85.0
BS02,Seo-gu,industrial,2023-05-03,46.6,39.3,1.4,60.8
BS02,Seo-gu,industrial,2023-07-14,,,5.3,87.7
BS04,Yeongdo-gu,background,2023-02-16,45.6,21.3,0.1,27.7
BS04,Yeongdo-gu,background,2023-01-25,16.2,23.8,2.8,39.2
BS02,Seo-gu,industrial,2023-05-28,17.1,32.7,7.5,77.4
BS02,Seo-gu,industrial,2023-09-26,38.2,36.1,1.3,72.0
BS08,Geumjeong-gu,background,2023-08-30,19.7,15.4,1.6,78.7
BS05,Busanjin-gu,roadside,2023-07-24,19.8,26.8,0.7,78.1
BS03,Dong-gu,roadside,2023-10-10,32.1,25.0,0.7,60.3
BS06,Haeundae-gu,background,2023-04-17,11.9,16.0,4.6,55.5
BS04,Yeongdo-gu,background,2023-02-25,23.4,34.1,1.3,35.9
BS08,Geumjeong-gu,background,2023-07-16,12.0,8.0,1.3,79.2
BS01,Jung-gu,roadside,2023-04-27,39.9,32.1,1.7,56.8
BS03,Dong-gu,roadside,2023-01-11,38.9,49.1,1.2,24.9
BS08,Geumjeong-gu,background,2023-06-05,16.3,,2.6,83.0
BS06,Haeundae-gu,background,2023-05-30,17.8,11.3,1.3,80.7
BS03,Dong-gu,roadside,2023-12-18,61.9,41.4,1.3,39.0
BS05,Busanjin-gu,roadside,2023-12-17,37.7,68.1,2.8,39.8
BS03,Dong-gu,roadside,2023-04-11,26.0,38.7,0.3,53.6
BS01,Jung-gu,roadside,2023-04-30,51.6,36.3,2.1,68.6
BS02,Seo-gu,industrial,2023-10-19,27.4,52.1,4.2,49.3
BS08,Geumjeong-gu,background,2023-05-05,19.5,14.8,0.4,67.8
BS08,Geumjeong-gu,background,2023-03-26,,27.9,7.6,46.0
BS08,Geumjeong-gu,background,2023-11-17,18.7,35.3,3.3,29.1
BS02,Seo-gu,industrial,2023-09-28,41.1,38.2,1.6,63.1
BS02,Seo-gu,industrial,2023-01-05,55.5,65.3,2.0,20.0
BS01,Jung-gu,roadside,2023-09-26,23.4,35.8,0.9,45.5
BS01,Jung-gu,roadside,2023-02-16,70.1,,4.1,21.1
BS03,Dong-gu,roadside,2023-09-19,35.2,25.7,2.5,71.4
BS03,Dong-gu,roadside,2023-05-27,23.9,26.9,2.8,72.0
BS03,Dong-gu,roadside,2023-02-13,55.0,32.0,2.5,33.5
BS04,Yeongdo-gu,background,2023-05-05,13.5,15.1,5.6,76.1
BS04,Yeongdo-gu,background,2023-02-01,17.4,20.3,1.8,32.1
BS01,Jung-gu,roadside,2023-01-05,59.3,41.2,1.6,31.2
BS05,Busanjin-gu,roadside,2023-05-16,35.5,32.0,2.1,72.2
BS07,Saha-gu,industrial,2023-05-02,30.0,40.2,4.3,59.3
BS07,Saha-gu,industrial,2023-10-29,83.9,56.1,0.6,43.1
BS03,Dong-gu,roadside,2023-12-14,48.6,59.0,1.1,21.2
BS03,Dong-gu,roadside,2023-04-18,24.3,25.2,2.0,49.9
BS02,Seo-gu,industrial,2023-11-13,85.5,51.0,2.1,42.5
BS05,Busanjin-gu,roadside,2023-09-13,17.2,25.7,6.2,82.5
BS07,Saha-gu,industrial,2023-06-12,-3.3,29.5,0.8,64.6
BS07,Saha-gu,industrial,2023-06-21,24.0,22.0,3.8,77.6
BS07,Saha-gu,industrial,2023-01-08,66.3,59.3,0.8,24.6
BS04,Yeongdo-gu,background,2023-02-23,8.1,19.7,9.3,32.9
BS02,Seo-gu,industrial,2023-07-29,20.9,27.0,3.1,77.6
BS01,Jung-gu,roadside,2023-02-20,48.6,61.6,1.3,34.1
BS03,Dong-gu,roadside,2023-05-04,31.2,24.4,1.0,54.4
BS06,Haeundae-gu,background,2023-06-07,,9.9,0.5,80.9
BS05,Busanjin-gu,roadside,2023-12-30,29.3,57.0,3.9,25.1
BS03,Dong-gu,roadside,2023-04-14,59.7,35.1,2.3,41.9
BS04,Yeongdo-gu,background,2023-01-21,22.2,30.0,4.2,33.8
BS04,Yeongdo-gu,background,2023-03-13,30.6,25.2,1.3,47.3
BS07,Saha-gu,industrial,2023-11-25,58.8,61.7,0.2,48.4
BS06,Haeundae-gu,background,2023-03-23,32.3,25.8,0.3,38.3
BS03,Dong-gu,roadside,2023-08-30,10.8,25.0,4.8,
BS02,Seo-gu,industrial,2023-02-04,62.0,53.8,0.8,24.8
BS08,Geumjeong-gu,background,2023-01-05,37.4,33.3,1.9,46.7
BS07,Saha-gu,industrial,2023-06-28,37.0,30.0,1.5,66.9
BS01,Jung-gu,roadside,2023-01-20,94.8,51.9,0.1,32.9
BS02,Seo-gu,industrial,2023-11-16,82.5,47.3,1.8,43.4
BS01,Jung-gu,roadside,2023-02-05,26.1,46.3,4.6,29.9
BS08,Geumjeong-gu,background,2023-08-09,9.8,15.2,2.8,79.4
BS02,Seo-gu,industrial,2023-06-09,,29.9,2.8,91.8
BS07,Saha-gu,industrial,2023-09-23,35.6,37.2,3.1,54.5
BS03,Dong-gu,roadside,2023-07-10,10.5,11.3,3.0,75.4
BS06,Haeundae-gu,background,2023-01-17,8.9,20.8,8.9,32.5
BS06,Haeundae-gu,background,2023-03-07,21.6,19.2,2.5,36.1
BS02,Seo-gu,industrial,2023-06-22,29.6,34.0,1.7,75.9
BS05,Busanjin-gu,roadside,2023-09-03,31.4,23.9,4.2,46.4
BS08,Geumjeong-gu,background,2023-11-16,34.8,26.8,2.9,27.3
BS01,Jung-gu,roadside,2023-09-03,41.3,23.4,0.3,74.5
BS03,Dong-gu,roadside,2023-02-24,26.2,42.4,2.2,33.5
BS04,Yeongdo-gu,background,2023-11-11,40.6,28.9,0.5,37.9
BS07,Saha-gu,industrial,2023-12-14,47.1,78.2,4.0,28.1
BS01,Jung-gu,roadside,2023-06-04,20.8,19.0,3.8,66.6
BS05,Busanjin-gu,roadside,2023-08-15,17.9,21.6,0.5,81.5
BS02,Seo-gu,industrial,2023-09-18,16.9,31.8,5.1,65.4
BS08,Geumjeong-gu,background,2023-09-22,11.9,18.3,3.9,51.3
BS04,Yeongdo-gu,background,2023-09-09,,15.4,0.8,80.7
BS02,Seo-gu,industrial,2023-07-24,16.2,,2.8,85.8
BS05,Busanjin-gu,roadside,2023-10-26,34.5,31.3,3.6,60.1
BS05,Busanjin-gu,roadside,2023-12-23,18.7,58.1,6.4,20.7
BS06,Haeundae-gu,background,2023-08-29,19.4,14.0,0.8,70.4
BS01,Jung-gu,roadside,2023-05-08,44.3,36.2,2.4,66.2
BS07,Saha-gu,industrial,2023-07-04,21.2,27.9,3.0,89.9
BS06,Haeundae-gu,background,2023-07-01,8.7,10.8,3.6,76.9
BS03,Dong-gu,roadside,2023-09-08,18.3,23.8,5.0,73.8
BS08,Geumjeong-gu,background,2023-12-29,27.2,33.9,1.4,33.4
BS01,Jung-gu,roadside,2023-07-10,24.1,20.2,1.8,81.0
BS04,Yeongdo-gu,background,2023-02-14,10.6,17.0,7.1,
BS03,Dong-gu,roadside,2023-09-20,14.3,,2.5,74.8
BS02,Seo-gu,industrial,2023-12-01,56.3,56.2,1.1,30.0
BS02,Seo-gu,industrial,2023-08-30,41.0,34.9,0.6,79.5
BS01,Jung-gu,roadside,2023-06-30,17.8,25.8,1.1,75.0
BS01,Jung-gu,roadside,2023-10-29,28.8,41.2,4.4,53.3
BS07,Saha-gu,industrial,2023-12-21,85.9,74.3,1.8,29.4
BS08,Geumjeong-gu,background,2023-06-17,15.1,16.2,3.3,98.0
BS03,Dong-gu,roadside,2023-11-27,36.7,69.1,2.4,26.7
BS08,Geumjeong-gu,background,2023-07-30,10.9,12.2,1.3,77.3
BS08,Geumjeong-gu,background,2023-09-24,28.1,19.2,0.5,52.2
BS08,Geumjeong-gu,background,2023-01-11,39.1,33.4,2.0,30.7
BS03,Dong-gu,roadside,2023-12-06,31.6,,2.4,21.3
BS07,Saha-gu,industrial,2023-12-01,90.0,114.3,3.0,31.4
BS07,Saha-gu,industrial,2023-01-16,60.1,86.8,2.9,33.1
BS04,Yeongdo-gu,background,2023-05-29,5.5,11.9,5.3,70.7
BS01,Jung-gu,roadside,2023-01-17,88.2,49.7,1.2,26.0
BS02,Seo-gu,industrial,2023-01-08,74.8,,0.6,29.4
BS02,Seo-gu,industrial,2023-07-01,34.2,29.8,3.2,71.0
BS02,Seo-gu,industrial,2023-10-21,47.1,52.0,0.9,44.1
BS08,Geumjeong-gu,background,2023-04-07,20.7,17.2,0.9,38.6
BS08,Geumjeong-gu,background,2023-05-08,22.7,20.4,0.5,57.4
BS05,Busanjin-gu,roadside,2023-02-14,56.9,52.6,1.8,39.3
BS03,Dong-gu,roadside,2023-08-18,13.1,26.4,1.6,66.5
BS07,Saha-gu,industrial,2023-05-22,38.8,31.2,1.3,83.1
BS03,Dong-gu,roadside,2023-03-09,64.5,57.0,1.0,51.5
BS01,Jung-gu,roadside,2023-08-14,15.5,29.3,5.7,76.0
BS06,Haeundae-gu,background,2023-09-07,9.8,14.7,6.2,70.5
BS05,Busanjin-gu,roadside,2023-12-06,50.8,57.7,3.2,36.9
BS07,Saha-gu,industrial,2023-10-23,57.4,48.1,0.2,40.9
BS08,Geumjeong-gu,background,2023-12-17,53.5,32.9,1.5,29.0
BS07,Saha-gu,industrial,2023-03-29,26.3,63.7,4.7,36.3
BS06,Haeundae-gu,background,2023-09-18,14.0,13.1,0.8,80.8
BS05,Busanjin-gu,roadside,2023-08-22,12.6,31.5,6.8,74.9
BS03,Dong-gu,roadside,2023-11-12,40.3,37.1,3.0,50.3
BS02,Seo-gu,industrial,2023-04-15,26.1,44.3,6.7,58.4
BS03,Dong-gu,roadside,2023-08-13,20.8,27.4,1.7,73.3
BS08,Geumjeong-gu,background,2023-08-06,20.8,13.2,0.3,86.5
BS02,Seo-gu,industrial,2023-10-02,37.3,51.2,2.8,66.1
BS08,Geumjeong-gu,background,2023-06-20,8.3,14.3,5.7,93.6
BS04,Yeongdo-gu,background,2023-05-04,10.5,15.3,2.1,68.9
BS04,Yeongdo-gu,background,2023-03-05,13.4,26.6,5.4,24.9
BS04,Yeongdo-gu,background,2023-11-17,,23.0,7.7,45.3
BS08,Geumjeong-gu,background,2023-09-18,14.1,12.6,1.5,74.4
BS05,Busanjin-gu,roadside,2023-03-09,42.6,35.5,1.6,56.1
BS08,Geumjeong-gu,background,2023-11-06,15.0,37.9,6.2,34.7
BS04,Yeongdo-gu,background,2023-07-25,17.1,9.9,2.1,91.4
BS08,Geumjeong-gu,background,2023-09-13,22.8,13.1,0.4,61.3
BS05,Busanjin-gu,roadside,2023-05-24,18.1,24.8,4.0,85.7
BS01,Jung-gu,roadside,2023-06-10,17.6,17.0,5.4,75.0
BS05,Busanjin-gu,roadside,2023-09-02,,23.7,3.0,68.2
BS03,Dong-gu,roadside,2023-08-15,19.7,25.4,2.3,79.9
BS08,Geumjeong-gu,background,2023-10-31,35.9,21.5,2.2,49.9
BS03,Dong-gu,roadside,2023-05-28,28.3,32.6,1.7,87.8
BS06,Haeundae-gu,background,2023-04-05,23.2,17.8,2.0,54.3
BS06,Haeundae-gu,background,2023-03-01,38.4,22.5,1.1,37.7
BS07,Saha-gu,industrial,2023-01-11,79.0,,1.3,23.2
BS01,Jung-gu,roadside,2023-04-09,44.7,25.3,0.6,63.5
BS08,Geumjeong-gu,background,2023-09-21,8.5,18.6,6.5,69.4
BS08,Geumjeong-gu,background,2023-01-03,35.5,27.2,2.7,20.0
BS01,Jung-gu,roadside,2023-09-11,12.7,24.3,9.7,58.6
BS01,Jung-gu,roadside,2023-04-14,73.0,47.4,1.7,67.3
BS04,Yeongdo-gu,background,2023-12-17,35.2,21.4,2.4,33.7
BS04,Yeongdo-gu,background,2023-12-15,27.0,33.0,3.0,35.0
BS05,Busanjin-gu,roadside,2023-07-08,10.7,18.2,5.1,76.8
BS02,Seo-gu,industrial,2023-08-10,15.0,,3.2,92.8
BS02,Seo-gu,industrial,2023-09-20,20.0,,5.5,68.4
BS05,Busanjin-gu,roadside,2023-08-25,28.9,22.0,2.0,74.9
BS06,Haeundae-gu,background,2023-10-04,8.0,17.5,3.9,54.7
BS07,Saha-gu,industrial,2023-01-10,68.7,103.0,3.2,39.0
BS02,Seo-gu,industrial,2023-02-08,41.2,66.7,3.1,46.5
BS04,Yeongdo-gu,background,2023-03-01,27.5,19.7,2.5,29.8
BS07,Saha-gu,industrial,2023-03-07,48.2,86.7,2.0,25.1
BS05,Busanjin-gu,roadside,2023-08-11,34.3,19.6,2.3,84.4
BS06,Haeundae-gu,background,2023-08-20,7.6,9.5,4.0,69.6
BS08,Geumjeong-gu,background,2023-09-05,9.4,12.1,2.6,63.2
BS02,Seo-gu,industrial,2023-03-29,,41.2,2.2,35.0
BS07,Saha-gu,industrial,2023-04-22,22.3,44.3,6.5,47.8
BS04,Yeongdo-gu,background,2023-08-21,15.3,11.7,2.1,79.5
BS06,Haeundae-gu,background,2023-08-13,8.5,9.2,3.0,70.2
BS03,Dong-gu,roadside,2023-05-31,39.8,28.4,1.5,60.4
BS08,Geumjeong-gu,background,2023-11-03,25.2,26.3,2.6,48.0
BS02,Seo-gu,industrial,2023-09-16,71.4,39.2,0.7,51.8
BS07,Saha-gu,industrial,2023-07-23,19.9,24.0,2.5,77.5
BS08,Geumjeong-gu,background,2023-06-14,17.8,16.2,2.5,75.3
BS05,Busanjin-gu,roadside,2023-11-24,30.3,43.6,5.6,29.0
BS01,Jung-gu,roadside,2023-09-20,20.3,30.3,3.7,65.7
BS05,Busanjin-gu,roadside,2023-06-24,17.7,19.1,0.6,69.4
BS04,Yeongdo-gu,background,2023-12-10,39.7,24.7,1.9,30.8
BS07,Saha-gu,industrial,2023-01-09,85.2,75.4,4.3,23.8
BS06,Haeundae-gu,background,2023-05-25,10.1,,2.3,75.0
BS07,Saha-gu,industrial,2023-11-27,92.3,68.2,1.5,48.6
BS05,Busanjin-gu,roadside,2023-12-09,32.5,39.0,2.9,47.3
BS02,Seo-gu,industrial,2023-10-03,43.7,46.3,1.7,44.2
BS07,Saha-gu,industrial,2023-07-15,16.7,30.5,2.1,95.2
BS08,Geumjeong-gu,background,2023-02-13,11.2,55.6,6.6,27.0
BS08,Geumjeong-gu,background,2023-08-10,10.7,13.0,1.6,83.5
BS06,Haeundae-gu,background,2023-05-15,13.5,15.2,2.2,61.9
BS02,Seo-gu,industrial,2023-05-04,21.3,40.9,6.3,59.3
BS06,Haeundae-gu,background,2023-01-19,31.5,24.0,1.3,39.8
BS05,Busanjin-gu,roadside,2023-10-02,20.1,37.6,2.5,58.8
BS01,Jung-gu,roadside,2023-05-27,46.4,21.0,1.2,59.2
BS05,Busanjin-gu,roadside,2023-03-16,33.7,53.9,2.1,27.7
BS06,Haeundae-gu,background,2023-06-11,15.1,14.3,2.7,72.2
BS04,Yeongdo-gu,background,2023-10-02,24.0,16.5,2.5,65.0
BS07,Saha-gu,industrial,2023-09-18,44.2,33.6,3.4,63.1
BS08,Geumjeong-gu,background,2023-12-14,18.9,24.7,5.0,32.5
BS02,Seo-gu,industrial,2023-10-22,44.6,35.2,1.6,55.8
BS05,Busanjin-gu,roadside,2023-12-01,56.2,54.8,2.3,55.1
BS07,Saha-gu,industrial,2023-11-18,27.0,59.7,5.3,40.4
BS01,Jung-gu,roadside,2023-07-06,20.1,23.0,3.4,81.2
BS04,Yeongdo-gu,background,2023-02-22,55.6,20.9,1.9,40.7
BS02,Seo-gu,industrial,2023-09-01,50.6,24.9,0.8,58.8
BS07,Saha-gu,industrial,2023-01-02,59.3,73.9,3.5,34.5
BS06,Haeundae-gu,background,2023-04-16,15.7,,2.1,66.8
BS01,Jung-gu,roadside,2023-07-17,17.6,20.6,5.3,82.1
BS07,Saha-gu,industrial,2023-05-18,,53.5,1.7,71.6
BS01,Jung-gu,roadside,2023-10-21,25.3,35.8,3.1,44.7
BS03,Dong-gu,roadside,2023-02-06,36.8,38.4,2.2,34.5
BS02,Seo-gu,industrial,2023-02-05,48.2,74.3,0.9,33.8
BS01,Jung-gu,roadside,2023-05-03,28.3,30.1,3.4,69.4
BS01,Jung-gu,roadside,2023-07-22,25.7,19.8,2.5,76.2
BS03,Dong-gu,roadside,2023-04-16,19.3,28.0,5.5,53.8
BS07,Saha-gu,industrial,2023-04-15,50.1,33.3,3.7,50.8
BS04,Yeongdo-gu,background,2023-12-11,24.2,33.8,4.9,42.1
BS05,Busanjin-gu,roadside,2023-10-01,30.8,44.2,3.0,51.3
BS05,Busanjin-gu,roadside,2023-08-24,12.6,26.0,3.9,66.2
BS05,Busanjin-gu,roadside,2023-09-05,22.3,35.3,1.1,57.5
BS08,Geumjeong-gu,background,2023-10-29,10.9,24.3,7.8,45.8
BS04,Yeongdo-gu,background,2023-02-28,25.1,31.3,4.1,33.9
BS05,Busanjin-gu,roadside,2023-07-21,15.2,10.6,2.2,80.2
BS07,Saha-gu,industrial,2023-08-31,31.5,27.6,2.3,67.4
BS05,Busanjin-gu,roadside,2023-10-27,32.3,38.2,1.6,55.0
BS03,Dong-gu,roadside,2023-05-05,38.5,32.8,2.4,65.5
BS05,Busanjin-gu,roadside,2023-05-10,20.6,25.8,0.7,67.4
BS07,Saha-gu,industrial,2023-03-19,46.1,,3.3,49.4
BS02,Seo-gu,industrial,2023-10-04,33.2,28.5,4.3,71.4
BS01,Jung-gu,roadside,2023-01-02,62.7,66.9,1.5,26.3
BS06,Haeundae-gu,background,2023-12-02,23.0,40.4,1.8,49.8
BS02,Seo-gu,industrial,2023-11-30,77.3,96.6,1.6,23.5
BS05,Busanjin-gu,roadside,2023-06-26,22.3,23.3,2.1,83.0
BS04,Yeongdo-gu,background,2023-07-16,8.1,8.8,2.6,71.5
BS08,Geumjeong-gu,background,2023-09-04,10.9,15.7,3.2,82.2
BS07,Saha-gu,industrial,2023-10-27,36.3,46.2,2.9,42.7
BS05,Busanjin-gu,roadside,2023-03-02,45.8,54.8,6.3,39.8
BS06,Haeundae-gu,background,2023-01-29,36.5,20.5,1.9,28.2
BS04,Yeongdo-gu,background,2023-02-11,10.9,33.8,5.1,20.0
BS08,Geumjeong-gu,background,2023-10-14,11.7,22.3,3.1,54.7
BS05,Busanjin-gu,roadside,2023-06-21,17.8,27.7,0.5,85.0
BS06,Haeundae-gu,background,2023-06-23,13.2,12.1,2.9,90.4
BS02,Seo-gu,industrial,2023-10-26,54.9,35.7,0.3,59.1
BS02,Seo-gu,industrial,2023-11-15,74.2,43.3,0.9,51.7
BS04,Yeongdo-gu,background,2023-06-12,7.5,15.5,4.2,86.3
BS01,Jung-gu,roadside,2023-11-14,72.7,31.4,0.8,45.2
BS02,Seo-gu,industrial,2023-10-11,40.2,38.5,2.3,41.1
BS04,Yeongdo-gu,background,2023-12-06,14.8,30.0,8.3,49.3
BS05,Busanjin-gu,roadside,2023-01-20,45.4,,2.7,24.4
BS02,Seo-gu,industrial,2023-12-11,57.5,,2.9,31.7
BS04,Yeongdo-gu,background,2023-07-07,4.4,8.5,10.1,94.7
BS05,Busanjin-gu,roadside,2023-11-05,45.6,50.1,2.9,43.3
BS03,Dong-gu,roadside,2023-08-31,,22.9,2.1,67.6
BS08,Geumjeong-gu,background,2023-05-01,14.8,14.3,1.4,58.1
BS08,Geumjeong-gu,background,2023-05-06,17.1,20.5,2.1,59.2
BS04,Yeongdo-gu,background,2023-07-31,14.0,9.6,4.8,78.2
BS04,Yeongdo-gu,background,2023-11-02,20.1,23.8,1.6,45.6
BS04,Yeongdo-gu,background,2023-11-10,,21.4,4.1,40.5
BS07,Saha-gu,industrial,2023-02-17,67.8,92.0,2.1,30.1
BS05,Busanjin-gu,roadside,2023-02-06,59.1,35.8,0.9,40.9
BS06,Haeundae-gu,background,2023-08-02,8.5,9.7,3.1,80.8
BS05,Busanjin-gu,roadside,2023-03-11,,54.8,3.3,47.7
BS05,Busanjin-gu,roadside,2023-07-23,20.5,26.4,4.4,61.1
BS04,Yeongdo-gu,background,2023-09-17,17.6,16.8,2.5,75.6
BS08,Geumjeong-gu,background,2023-11-09,22.4,27.9,1.8,44.3
BS08,Geumjeong-gu,background,2023-11-29,16.0,27.2,3.9,41.3
BS05,Busanjin-gu,roadside,2023-07-03,,17.1,2.7,75.5
BS03,Dong-gu,roadside,2023-11-18,35.1,36.5,0.8,43.4
BS03,Dong-gu,roadside,2023-03-07,26.2,53.6,3.1,30.9
BS08,Geumjeong-gu,background,2023-05-19,17.3,16.7,2.5,63.5
BS05,Busanjin-gu,roadside,2023-05-18,,28.3,3.8,58.7
BS08,Geumjeong-gu,background,2023-02-19,29.9,30.0,1.4,34.4
BS08,Geumjeong-gu,background,2023-06-24,10.9,8.3,4.7,77.0
BS08,Geumjeong-gu,background,2023-03-12,17.8,31.7,5.0,57.1
BS05,Busanjin-gu,roadside,2023-12-26,38.9,43.0,3.1,36.3
BS05,Busanjin-gu,roadside,2023-09-20,29.3,32.4,2.3,58.5
BS04,Yeongdo-gu,background,2023-03-30,14.1,22.7,2.8,45.5
BS08,Geumjeong-gu,background,2023-01-18,40.9,25.9,3.2,31.3
BS03,Dong-gu,roadside,2023-11-26,40.3,48.6,2.6,30.0
BS02,Seo-gu,industrial,2023-06-25,28.3,20.3,0.6,73.7
BS05,Busanjin-gu,roadside,2023-08-07,19.9,15.1,1.2,68.8
BS08,Geumjeong-gu,background,2023-10-04,10.0,26.0,6.7,58.3
BS07,Saha-gu,industrial,2023-12-09,32.1,51.4,9.0,30.8
BS05,Busanjin-gu,roadside,2023-10-25,44.4,56.5,0.7,42.6
BS06,Haeundae-gu,background,2023-04-09,19.2,19.5,1.0,43.1
BS01,Jung-gu,roadside,2023-04-06,39.6,36.7,0.6,49.7
BS03,Dong-gu,roadside,2023-10-18,,27.6,1.6,64.0
BS02,Seo-gu,industrial,2023-07-18,14.7,21.7,5.6,89.3
BS08,Geumjeong-gu,background,2023-08-24,6.8,11.9,5.9,71.3
BS03,Dong-gu,roadside,2023-05-14,16.1,22.9,1.3,66.8
BS05,Busanjin-gu,roadside,2023-01-25,26.7,44.5,5.5,32.7
BS06,Haeundae-gu,background,2023-02-26,19.7,24.6,1.7,48.0
BS03,Dong-gu,roadside,2023-11-05,32.3,68.8,4.4,39.1
BS01,Jung-gu,roadside,2023-07-26,20.6,20.0,2.3,71.5
BS02,Seo-gu,industrial,2023-01-28,29.8,55.1,4.9,43.7
BS03,Dong-gu,roadside,2023-05-21,7.9,18.4,8.4,72.8
BS02,Seo-gu,industrial,2023-02-02,37.8,47.8,3.7,20.0
BS08,Geumjeong-gu,background,2023-09-28,10.5,28.1,4.9,73.3
BS03,Dong-gu,roadside,2023-10-26,28.8,37.7,3.0,60.0
BS08,Geumjeong-gu,background,2023-05-16,23.5,22.4,1.1,63.9
BS05,Busanjin-gu,roadside,2023-01-26,59.5,57.9,0.7,30.4
BS08,Geumjeong-gu,background,2023-04-16,16.6,15.4,5.0,44.9
BS03,Dong-gu,roadside,2023-08-19,34.6,19.0,2.5,72.0
BS05,Busanjin-gu,roadside,2023-04-21,40.1,35.6,1.8,57.5
BS08,Geumjeong-gu,background,2023-08-07,11.3,16.5,2.4,80.4
BS06,Haeundae-gu,background,2023-03-12,15.9,23.9,3.2,38.7
BS08,Geumjeong-gu,background,2023-06-26,,21.5,2.2,86.1
BS06,Haeundae-gu,background,2023-11-18,9.5,21.7,10.4,48.5
BS03,Dong-gu,roadside,2023-03-16,22.2,50.0,4.8,44.7
BS05,Busanjin-gu,roadside,2023-10-19,22.9,29.6,4.2,55.7
BS07,Saha-gu,industrial,2023-09-22,35.7,24.8,1.5,61.2
BS02,Seo-gu,industrial,2023-05-18,56.1,39.3,0.5,73.0
BS03,Dong-gu,roadside,2023-02-19,41.1,59.3,2.5,37.1
BS06,Haeundae-gu,background,2023-02-08,12.9,24.4,4.9,22.2
BS01,Jung-gu,roadside,2023-07-20,22.7,22.6,1.3,79.6
BS06,Haeundae-gu,background,2023-12-24,11.5,24.8,10.1,20.0
BS06,Haeundae-gu,background,2023-09-21,8.2,12.0,2.3,77.5
BS07,Saha-gu,industrial,2023-03-30,53.2,74.1,3.0,43.5
BS05,Busanjin-gu,roadside,2023-12-03,19.4,60.3,5.9,35.6
BS02,Seo-gu,industrial,2023-01-14,90.4,72.2,0.5,37.2
BS07,Saha-gu,industrial,2023-05-27,35.0,28.4,1.9,64.8
BS02,Seo-gu,industrial,2023-02-23,73.3,58.9,1.4,29.7
BS05,Busanjin-gu,roadside,2023-08-27,15.1,23.9,9.7,69.1
BS02,Seo-gu,industrial,2023-01-27,83.9,62.8,0.6,40.4
BS08,Geumjeong-gu,background,2023-03-27,13.2,25.4,7.6,39.4
BS05,Busanjin-gu,roadside,2023-03-04,50.3,43.3,1.5,34.9
BS04,Yeongdo-gu,background,2023-03-09,37.3,24.7,1.6,20.0
BS05,Busanjin-gu,roadside,2023-02-05,47.8,39.5,1.8,45.8
BS08,Geumjeong-gu,background,2023-05-21,16.8,16.9,4.3,76.3
BS06,Haeundae-gu,background,2023-07-22,12.6,9.8,0.9,78.1
BS04,Yeongdo-gu,background,2023-02-27,13.2,26.4,2.0,37.2
BS04,Yeongdo-gu,background,2023-09-30,13.6,16.7,4.9,47.5
BS08,Geumjeong-gu,background,2023-01-14,24.7,42.3,3.7,25.8
BS01,Jung-gu,roadside,2023-03-06,56.2,47.2,2.1,48.0
BS06,Haeundae-gu,background,2023-08-26,7.1,10.1,4.1,71.9
BS04,Yeongdo-gu,background,2023-03-27,21.7,18.9,2.3,52.0
BS02,Seo-gu,industrial,2023-05-08,31.1,48.0,1.2,60.5
BS02,Seo-gu,industrial,2023-01-15,79.9,57.7,1.4,32.8
BS07,Saha-gu,industrial,2023-02-15,80.4,53.3,2.0,32.3
BS03,Dong-gu,roadside,2023-02-03,55.8,49.2,1.5,34.1
BS07,Saha-gu,industrial,2023-03-16,44.9,62.0,3.8,47.8
BS03,Dong-gu,roadside,2023-03-03,37.6,41.2,2.2,41.5
BS03,Dong-gu,roadside,2023-12-13,47.0,46.1,1.1,47.4
BS03,Dong-gu,roadside,2023-05-29,42.0,17.7,1.9,72.2
BS01,Jung-gu,roadside,2023-12-04,33.4,56.2,6.0,31.3
BS08,Geumjeong-gu,background,2023-08-01,,13.9,5.0,86.6
BS07,Saha-gu,industrial,2023-06-03,23.5,63.2,3.6,68.2
BS03,Dong-gu,roadside,2023-10-14,38.5,35.8,1.2,45.4
BS04,Yeongdo-gu,background,2023-06-30,8.8,12.9,0.7,65.0
BS02,Seo-gu,industrial,2023-04-01,39.7,46.1,3.8,49.5
BS03,Dong-gu,roadside,2023-03-27,41.7,29.1,2.9,56.8
BS07,Saha-gu,industrial,2023-05-08,37.7,35.2,2.3,85.6
BS03,Dong-gu,roadside,2023-09-23,25.6,24.9,1.1,59.8
BS06,Haeundae-gu,background,2023-06-06,12.4,11.9,1.7,62.1
BS01,Jung-gu,roadside,2023-07-21,15.9,21.5,1.4,74.8
BS01,Jung-gu,roadside,2023-06-11,32.9,24.9,0.7,82.4
BS05,Busanjin-gu,roadside,2023-04-30,30.7,27.4,1.3,66.7
BS08,Geumjeong-gu,background,2023-08-11,11.8,12.1,2.9,83.0
BS07,Saha-gu,industrial,2023-09-17,19.4,40.4,3.5,65.7
BS02,Seo-gu,industrial,2023-12-04,37.8,57.8,4.4,35.2
BS05,Busanjin-gu,roadside,2023-02-10,59.3,,1.3,38.3
BS04,Yeongdo-gu,background,2023-02-04,12.1,20.6,7.7,47.7
BS08,Geumjeong-gu,background,2023-02-28,30.5,28.8,1.7,39.0
BS03,Dong-gu,roadside,2023-10-19,36.5,38.9,1.8,43.9
BS05,Busanjin-gu,roadside,2023-05-06,21.7,28.2,1.2,51.9
BS06,Haeundae-gu,background,2023-05-11,14.9,13.0,3.3,64.6
BS07,Saha-gu,industrial,2023-03-05,58.6,46.8,3.7,20.0
BS01,Jung-gu,roadside,2023-02-04,48.2,58.8,4.5,46.9
BS03,Dong-gu,roadside,2023-02-15,47.3,50.9,2.8,31.5
BS08,Geumjeong-gu,background,2023-01-02,11.5,30.7,7.8,29.2
BS05,Busanjin-gu,roadside,2023-01-19,49.1,68.1,2.6,29.5
BS04,Yeongdo-gu,background,2023-10-23,22.0,15.9,1.8,51.5
BS06,Haeundae-gu,background,2023-11-11,32.1,26.1,0.7,56.1
BS04,Yeongdo-gu,background,2023-09-26,13.5,22.0,3.6,72.9
BS08,Geumjeong-gu,background,2023-02-27,35.1,25.5,1.8,36.5
BS08,Geumjeong-gu,background,2023-09-27,26.3,23.5,1.4,68.7
BS06,Haeundae-gu,background,2023-08-05,13.5,10.9,3.4,81.9
BS01,Jung-gu,roadside,2023-08-30,13.6,22.4,2.6,81.6
BS06,Haeundae-gu,background,2023-08-25,5.0,12.3,6.2,80.1
BS07,Saha-gu,industrial,2023-06-23,20.0,25.7,6.1,56.8
BS02,Seo-gu,industrial,2023-08-24,27.6,36.9,2.1,73.9
BS07,Saha-gu,industrial,2023-09-03,40.9,35.7,2.1,64.6
BS04,Yeongdo-gu,background,2023-07-22,13.2,9.6,1.0,83.2
BS07,Saha-gu,industrial,2023-01-25,61.8,57.8,3.5,35.6
BS08,Geumjeong-gu,background,2023-11-30,40.8,29.7,0.9,56.8
BS06,Haeundae-gu,background,2023-09-01,,12.8,4.0,60.0
BS02,Seo-gu,industrial,2023-10-09,44.5,57.5,1.7,55.7
BS05,Busanjin-gu,roadside,2023-03-10,36.8,58.1,2.8,45.1
BS08,Geumjeong-gu,background,2023-11-21,39.7,24.8,3.0,40.3
BS04,Yeongdo-gu,background,2023-06-22,14.1,8.8,2.1,71.9
BS06,Haeundae-gu,background,2023-03-16,,15.7,3.3,25.6
BS02,Seo-gu,industrial,2023-07-17,22.6,16.3,3.9,87.1
BS08,Geumjeong-gu,background,2023-06-29,,14.9,3.7,84.0
BS01,Jung-gu,roadside,2023-07-09,20.3,23.8,2.9,81.3
BS05,Busanjin-gu,roadside,2023-12-13,31.6,61.7,3.7,27.2
BS03,Dong-gu,roadside,2023-09-03,17.9,23.6,3.4,67.2
BS08,Geumjeong-gu,background,2023-07-12,9.5,16.0,2.5,88.1
BS06,Haeundae-gu,background,2023-08-11,3.8,9.7,7.9,84.5
BS08,Geumjeong-gu,background,2023-01-04,44.8,26.9,1.2,20.0
BS03,Dong-gu,roadside,2023-12-19,53.0,40.5,1.6,22.8
BS02,Seo-gu,industrial,2023-04-20,28.4,37.7,1.0,62.7
BS08,Geumjeong-gu,background,2023-12-16,,34.9,1.6,27.2
BS03,Dong-gu,roadside,2023-01-18,31.1,33.1,3.7,31.6
BS07,Saha-gu,industrial,2023-04-21,42.0,36.5,1.6,56.2
BS01,Jung-gu,roadside,2023-01-22,41.3,72.8,2.5,20.0
BS02,Seo-gu,industrial,2023-04-05,50.7,65.8,3.3,55.8
BS04,Yeongdo-gu,background,2023-03-31,21.9,19.6,3.5,46.6
BS07,Saha-gu,industrial,2023-05-15,60.9,37.8,0.3,63.8
BS03,Dong-gu,roadside,2023-08-14,13.7,17.1,2.9,77.9
BS04,Yeongdo-gu,background,2023-05-01,11.0,21.5,3.6,76.0
BS07,Saha-gu,industrial,2023-09-01,35.1,23.2,3.4,67.9
BS08,Geumjeong-gu,background,2023-10-26,16.9,33.3,1.8,53.3
BS05,Busanjin-gu,roadside,2023-02-25,29.9,52.9,5.5,40.3
BS07,Saha-gu,industrial,2023-07-21,15.3,21.6,5.3,76.4
BS03,Dong-gu,roadside,2023-02-09,54.2,55.6,0.9,32.8
BS05,Busanjin-gu,roadside,2023-08-14,21.4,15.7,3.2,72.8
BS01,Jung-gu,roadside,2023-05-11,9.8,23.7,8.2,58.0
BS08,Geumjeong-gu,background,2023-12-31,31.7,29.1,2.2,36.0
BS06,Haeundae-gu,background,2023-11-07,14.9,21.3,5.5,48.7
BS05,Busanjin-gu,roadside,2023-01-23,65.5,32.9,3.1,35.8
BS01,Jung-gu,roadside,2023-11-27,45.9,50.2,0.9,20.0
BS04,Yeongdo-gu,background,2023-05-24,5.1,19.1,8.7,73.8
BS02,Seo-gu,industrial,2023-04-12,40.7,34.3,2.6,50.6
BS06,Haeundae-gu,background,2023-12-11,23.0,18.4,3.3,42.9
BS05,Busanjin-gu,roadside,2023-06-28,8.7,22.6,6.0,88.3
BS04,Yeongdo-gu,background,2023-01-01,26.9,18.0,4.1,21.9
BS04,Yeongdo-gu,background,2023-02-05,42.5,26.5,1.7,39.7
BS04,Yeongdo-gu,background,2023-07-19,12.1,11.1,1.5,81.1
BS03,Dong-gu,roadside,2023-05-11,15.4,26.1,5.2,76.1
